Id,Position,First Name,Nickname,Last Name,FPPG,Played,Salary,Game,Team,Opponent,Injury Indicator,Injury Details,Tier,,,Roster Position
107566-86631,WR,CeeDee,CeeDee Lamb,Lamb,13.725000381469727,4,9400,DAL@PIT,DAL,PIT,,,,,,WR/FLEX
107566-85701,WR,Ja'Marr,Ja'Marr Chase,Chase,15.125,4,9300,BAL@CIN,CIN,BAL,,,,,,WR/FLEX
107566-62239,QB,Josh,Josh Allen,Allen,19.790000915527344,4,9300,BUF@HOU,BUF,HOU,,,,,,QB
107566-39280,RB,Derrick,Derrick Henry,Henry,24.25,4,9200,BAL@CIN,BAL,CIN,,,,,,RB/FLEX
107566-91419,WR,Nico,Nico Collins,Collins,21.225000381469727,4,8800,BUF@HOU,HOU,BUF,,,,,,WR/FLEX
107566-63115,QB,Lamar,Lamar Jackson,Jackson,23.780000686645508,4,8800,BAL@CIN,BAL,CIN,,,,,,QB
107566-102785,QB,Jayden,Jayden Daniels,Daniels,23.670000076293945,4,8700,CLE@WAS,WAS,CLE,,,,,,QB
107566-86875,RB,Jordan,Jordan Mason,Mason,20.100000381469727,4,8700,ARI@SF,SF,ARI,,,,,,RB/FLEX
107566-53681,WR,Tyreek,Tyreek Hill,Hill,10.574999809265137,4,8600,MIA@NE,MIA,NE,,,,,,WR/FLEX
107566-89675,RB,Jonathan,Jonathan Taylor,Taylor,18.899999618530273,4,8500,IND@JAC,IND,JAC,Q,Ankle,,,,RB/FLEX
107566-129471,QB,C.J.,C.J. Stroud,Stroud,17.815000534057617,4,8400,BUF@HOU,HOU,BUF,,,,,,QB
107566-104433,RB,Kyren,Kyren Williams,Williams,18.774999618530273,4,8400,GB@LAR,LAR,GB,,,,,,RB/FLEX
107566-73048,WR,DK,DK Metcalf,Metcalf,16.899999618530273,4,8200,NYG@SEA,SEA,NYG,,,,,,WR/FLEX
107566-69017,QB,Jordan,Jordan Love,Love,25.780000686645508,2,8200,GB@LAR,GB,LAR,Q,Knee,,,,QB
107566-91626,RB,James,James Cook,Cook,15.449999809265137,4,8200,BUF@HOU,BUF,HOU,,,,,,RB/FLEX
107566-151761,WR,Malik,Malik Nabers,Nabers,20.024999618530273,4,8100,NYG@SEA,NYG,SEA,Q,Concussion,,,,WR/FLEX
107566-52442,RB,Joe,Joe Mixon,Mixon,17.399999618530273,2,8000,BUF@HOU,HOU,BUF,Q,Ankle,,,,RB/FLEX
107566-56018,WR,Deebo,Deebo Samuel Sr.,Samuel Sr.,13.966667175292969,3,8000,ARI@SF,SF,ARI,,,,,,WR/FLEX
107566-31716,QB,Dak,Dak Prescott,Prescott,18.9950008392334,4,8000,DAL@PIT,DAL,PIT,,,,,,QB
107566-79970,WR,Cooper,Cooper Kupp,Kupp,16.850000381469727,2,7900,GB@LAR,LAR,GB,O,Ankle,,,,WR/FLEX
107566-40687,RB,James,James Conner,Conner,15.875,4,7900,ARI@SF,ARI,SF,,,,,,RB/FLEX
107566-138820,RB,De'Von,De'Von Achane,Achane,14.300000190734863,4,7800,MIA@NE,MIA,NE,,,,,,RB/FLEX
107566-63336,QB,Joe,Joe Burrow,Burrow,17.729999542236328,4,7800,BAL@CIN,CIN,BAL,,,,,,QB
107566-90562,RB,Brian,Brian Robinson Jr.,Robinson Jr.,16.375,4,7700,CLE@WAS,WAS,CLE,Q,Knee,,,,RB/FLEX
107566-85607,QB,Brock,Brock Purdy,Purdy,17.424999237060547,4,7700,ARI@SF,SF,ARI,,,,,,QB
107566-91591,QB,Justin,Justin Fields,Fields,19.424999237060547,4,7600,DAL@PIT,PIT,DAL,,,,,,QB
107566-25079,WR,Stefon,Stefon Diggs,Diggs,13.880000114440918,4,7600,BUF@HOU,HOU,BUF,,,,,,WR/FLEX
107566-63484,QB,Kyler,Kyler Murray,Murray,17.1200008392334,4,7500,ARI@SF,ARI,SF,,,,,,QB
107566-152651,WR,Marvin,Marvin Harrison Jr.,Harrison Jr.,14.699999809265137,4,7400,ARI@SF,ARI,SF,,,,,,WR/FLEX
107566-26483,QB,Geno,Geno Smith,Smith,19.670000076293945,4,7400,NYG@SEA,SEA,NYG,,,,,,QB
107566-103342,RB,Kenneth,Kenneth Walker III,Walker III,26.25,2,7400,NYG@SEA,SEA,NYG,,,,,,RB/FLEX
107566-129315,QB,Anthony,Anthony Richardson,Richardson,13.0649995803833,4,7300,IND@JAC,IND,JAC,Q,Oblique,,,,QB
107566-89455,WR,Jayden,Jayden Reed,Reed,18.799999237060547,4,7200,GB@LAR,GB,LAR,,,,,,WR/FLEX
107566-152113,QB,Caleb,Caleb Williams,Williams,12.595000267028809,4,7200,CAR@CHI,CHI,CAR,,,,,,QB
107566-89956,RB,Travis,Travis Etienne Jr.,Etienne Jr.,10.300000190734863,4,7200,IND@JAC,JAC,IND,Q,Shoulder,,,,RB/FLEX
107566-66008,WR,Diontae,Diontae Johnson,Johnson,12.225000381469727,4,7100,CAR@CHI,CAR,CHI,Q,Ankle,,,,WR/FLEX
107566-14225,QB,Andy,Andy Dalton,Dalton,14.7533327738444,3,7100,CAR@CHI,CAR,CHI,,,,,,QB
107566-72731,RB,Josh,Josh Jacobs,Jacobs,10.649999618530273,4,7000,GB@LAR,GB,LAR,,,,,,RB/FLEX
107566-45889,WR,Davante,Davante Adams,Adams,12.966667175292969,3,7000,LV@DEN,LV,DEN,Q,Hamstring,,,,WR/FLEX
107566-89951,QB,Trevor,Trevor Lawrence,Lawrence,12.4399995803833,4,7000,IND@JAC,JAC,IND,,,,,,QB
107566-39793,TE,George,George Kittle,Kittle,11.866666158040365,3,7000,ARI@SF,SF,ARI,Q,Ribs,,,,TE/FLEX
107566-54879,QB,Deshaun,Deshaun Watson,Watson,14.444999694824219,4,6900,CLE@WAS,CLE,WAS,,,,,,QB
107566-112295,WR,Zay,Zay Flowers,Flowers,8,4,6900,BAL@CIN,BAL,CIN,,,,,,WR/FLEX
107566-70051,QB,Tyler,Tyler Huntley,Huntley,11.84000015258789,1,6800,MIA@NE,MIA,NE,,,,,,QB
107566-87467,RB,Chuba,Chuba Hubbard,Hubbard,15.625,4,6800,CAR@CHI,CAR,CHI,,,,,,RB/FLEX
107566-6714,QB,Joe,Joe Flacco,Flacco,15.020000457763672,1,6800,IND@JAC,IND,JAC,,,,,,QB
107566-89981,WR,Tee,Tee Higgins,Higgins,7.199999809265137,2,6800,BAL@CIN,CIN,BAL,,,,,,WR/FLEX
107566-63519,QB,Daniel,Daniel Jones,Jones,13.8100004196167,4,6700,NYG@SEA,NYG,SEA,,,,,,QB
107566-6654,QB,Matthew,Matthew Stafford,Stafford,11.005000114440918,4,6700,GB@LAR,LAR,GB,,,,,,QB
107566-85798,WR,Brandon,Brandon Aiyuk,Aiyuk,5.800000190734863,4,6700,ARI@SF,SF,ARI,,,,,,WR/FLEX
107566-111540,RB,Rhamondre,Rhamondre Stevenson,Stevenson,11.399999618530273,4,6700,MIA@NE,NE,MIA,,,,,,RB/FLEX
107566-61798,QB,Gardner,Gardner Minshew II,Minshew II,11.420000076293945,4,6600,LV@DEN,LV,DEN,,,,,,QB
107566-70027,RB,Zack,Zack Moss,Moss,13.074999809265137,4,6600,BAL@CIN,CIN,BAL,,,,,,RB/FLEX
107566-102965,QB,Bo,Bo Nix,Nix,12.350000381469727,4,6600,LV@DEN,DEN,LV,,,,,,QB
107566-56250,WR,Terry,Terry McLaurin,McLaurin,10.899999618530273,4,6600,CLE@WAS,WAS,CLE,,,,,,WR/FLEX
107566-90573,WR,Jaylen,Jaylen Waddle,Waddle,8.350000381469727,4,6500,MIA@NE,MIA,NE,,,,,,WR/FLEX
107566-90575,RB,Najee,Najee Harris,Harris,9.050000190734863,4,6500,DAL@PIT,PIT,DAL,,,,,,RB/FLEX
107566-30231,QB,Jacoby,Jacoby Brissett,Brissett,7.635000228881836,4,6500,MIA@NE,NE,MIA,,,,,,QB
107566-91750,TE,Trey,Trey McBride,McBride,8.40000025431315,3,6500,ARI@SF,ARI,SF,Q,Concussion,,,,TE/FLEX
107566-91598,RB,D'Andre,D'Andre Swift,Swift,10.600000381469727,4,6400,CAR@CHI,CHI,CAR,,,,,,RB/FLEX
107566-63043,WR,DJ,DJ Moore,Moore,9.175000190734863,4,6400,CAR@CHI,CHI,CAR,,,,,,WR/FLEX
107566-151745,WR,Brian,Brian Thomas Jr.,Thomas Jr.,12.324999809265137,4,6300,IND@JAC,JAC,IND,,,,,,WR/FLEX
107566-151794,TE,Brock,Brock Bowers,Bowers,8.199999809265137,4,6300,LV@DEN,LV,DEN,,,,,,TE/FLEX
107566-90533,RB,Jerome,Jerome Ford,Ford,10.824999809265137,4,6300,CLE@WAS,CLE,WAS,,,,,,RB/FLEX
107566-129458,WR,Jaxon,Jaxon Smith-Njigba,Smith-Njigba,9.524999618530273,4,6300,NYG@SEA,SEA,NYG,,,,,,WR/FLEX
107566-40482,QB,Tim,Tim Boyle,Boyle,3.759999990463257,1,6300,MIA@NE,MIA,NE,,,,,,QB
107566-69294,QB,Skylar,Skylar Thompson,Thompson,3.940000057220459,2,6300,MIA@NE,MIA,NE,Q,Ribs,,,,QB
107566-89230,RB,Cam,Cam Akers,Akers,5.566666920979817,3,6200,BUF@HOU,HOU,BUF,,,,,,RB/FLEX
107566-31001,WR,Amari,Amari Cooper,Cooper,8.699999809265137,4,6200,CLE@WAS,CLE,WAS,,,,,,WR/FLEX
107566-27050,WR,Tyler,Tyler Lockett,Lockett,7.224999904632568,4,6200,NYG@SEA,SEA,NYG,Q,Thigh,,,,WR/FLEX
107566-86518,WR,Khalil,Khalil Shakir,Shakir,11.050000190734863,4,6200,BUF@HOU,BUF,HOU,Q,Ankle,,,,WR/FLEX
107566-89680,TE,Jake,Jake Ferguson,Ferguson,7.966666539510091,3,6200,DAL@PIT,DAL,PIT,,,,,,TE/FLEX
107566-70603,RB,Devin,Devin Singletary,Singletary,10.574999809265137,4,6200,NYG@SEA,NYG,SEA,Q,Groin,,,,RB/FLEX
107566-103539,WR,Wan'Dale,Wan'Dale Robinson,Robinson,9.949999809265137,4,6100,NYG@SEA,NYG,SEA,Q,Heel,,,,WR/FLEX
107566-145558,TE,Dalton,Dalton Kincaid,Kincaid,6.425000190734863,4,6100,BUF@HOU,BUF,HOU,,,,,,TE/FLEX
107566-89493,RB,Chase,Chase Brown,Brown,9.25,4,6100,BAL@CIN,CIN,BAL,,,,,,RB/FLEX
107566-60858,WR,Christian,Christian Kirk,Kirk,7.849999904632568,4,6100,IND@JAC,JAC,IND,,,,,,WR/FLEX
107566-69213,WR,Michael,Michael Pittman Jr.,Pittman Jr.,7.900000095367432,4,6100,IND@JAC,IND,JAC,,,,,,WR/FLEX
107566-103376,RB,Zach,Zach Charbonnet,Charbonnet,14.649999618530273,4,6100,NYG@SEA,SEA,NYG,,,,,,RB/FLEX
107566-86081,QB,Emory,Emory Jones,Jones,,0,6000,BAL@CIN,BAL,CIN,,,,,,QB
107566-114763,QB,Gavin,Gavin Hardison,Hardison,,0,6000,MIA@NE,MIA,NE,,,,,,QB
107566-88147,QB,Chevan,Chevan Cordeiro,Cordeiro,,0,6000,NYG@SEA,SEA,NYG,,,,,,QB
107566-169087,QB,Austin,Austin Reed,Reed,,0,6000,CAR@CHI,CHI,CAR,,,,,,QB
107566-80001,RB,Austin,Austin Ekeler,Ekeler,10.299999872843424,3,6000,CLE@WAS,WAS,CLE,Q,Concussion,,,,RB/FLEX
107566-104576,QB,Sam,Sam Howell,Howell,16.355294620289524,17,6000,NYG@SEA,SEA,NYG,,,,,,QB
107566-86200,QB,Sean,Sean Clifford,Clifford,0.3199999928474426,4,6000,GB@LAR,GB,LAR,,,,,,QB
107566-149696,QB,Trey,Trey Lance,Lance,0,1,6000,DAL@PIT,DAL,PIT,,,,,,QB
107566-93382,QB,Aidan,Aidan O'Connell,O'Connell,7.28000020980835,1,6000,LV@DEN,LV,DEN,,,,,,QB
107566-69833,QB,Shane,Shane Buechele,Buechele,,0,6000,BUF@HOU,BUF,HOU,IR,Neck,,,,QB
107566-45259,QB,Logan,Logan Woodside,Woodside,0.3400000035762787,2,6000,BAL@CIN,CIN,BAL,,,,,,QB
107566-54507,QB,Alex,Alex McGough,McGough,,0,6000,GB@LAR,GB,LAR,Q,Undisclosed,,,,QB
107566-93428,QB,Jack,Jack Plummer,Plummer,,0,6000,CAR@CHI,CAR,CHI,,,,,,QB
107566-91390,QB,Joe,Joe Milton III,Milton III,,0,6000,MIA@NE,NE,MIA,,,,,,QB
107566-86278,QB,Desmond,Desmond Ridder,Ridder,11.789999961853027,16,6000,ARI@SF,ARI,SF,,,,,,QB
107566-129291,WR,Tank,Tank Dell,Dell,5.966666539510091,3,6000,BUF@HOU,HOU,BUF,Q,Chest,,,,WR/FLEX
107566-24849,QB,Jameis,Jameis Winston,Winston,0.25,2,6000,CLE@WAS,CLE,WAS,,,,,,QB
107566-129305,WR,Josh,Josh Downs,Downs,10.949999809265137,2,6000,IND@JAC,IND,JAC,,,,,,WR/FLEX
107566-90400,QB,Jaren,Jaren Hall,Hall,0.7799999713897705,4,6000,NYG@SEA,SEA,NYG,,,,,,QB
107566-90406,QB,Zach,Zach Wilson,Wilson,10.578333536783854,12,6000,LV@DEN,DEN,LV,,,,,,QB
107566-185640,QB,Dresser,Dresser Winn,Winn,0,1,6000,GB@LAR,LAR,GB,,,,,,QB
107566-53562,RB,Nick,Nick Chubb,Chubb,10.550000190734863,2,6000,CLE@WAS,CLE,WAS,NA,Knee - acl + mcl,,,,RB/FLEX
107566-54604,QB,Jimmy,Jimmy Garoppolo,Garoppolo,9.137499809265137,8,6000,GB@LAR,LAR,GB,,,,,,QB
107566-27986,QB,C.J.,C.J. Beathard,Beathard,3.576666514078776,6,6000,IND@JAC,JAC,IND,,,,,,QB
107566-92560,QB,Sam,Sam Ehlinger,Ehlinger,0,2,6000,IND@JAC,IND,JAC,,,,,,QB
107566-60840,QB,Jake,Jake Browning,Browning,12.578333536783854,12,6000,BAL@CIN,CIN,BAL,,,,,,QB
107566-185776,QB,Tyson,Tyson Bagent,Bagent,11.851999664306641,5,6000,CAR@CHI,CHI,CAR,,,,,,QB
107566-91583,QB,Stetson,Stetson Bennett,Bennett,,0,6000,GB@LAR,LAR,GB,,,,,,QB
107566-31170,QB,Brandon,Brandon Allen,Allen,-0.10000000149011612,1,6000,ARI@SF,SF,ARI,,,,,,QB
107566-90572,QB,Tua,Tua Tagovailoa,Tagovailoa,15.0600004196167,2,6000,MIA@NE,MIA,NE,IR,Concussion,,,,QB
107566-22994,QB,Case,Case Keenum,Keenum,3.184999942779541,4,6000,BUF@HOU,HOU,BUF,IR,Foot,,,,QB
107566-40407,QB,Joshua,Joshua Dobbs,Dobbs,16.204615666316105,13,6000,ARI@SF,SF,ARI,,,,,,QB
107566-90584,QB,Mac,Mac Jones,Jones,-1.1200000047683716,1,6000,IND@JAC,JAC,IND,,,,,,QB
107566-22015,QB,Russell,Russell Wilson,Wilson,17.65999959309896,15,6000,DAL@PIT,PIT,DAL,Q,Calf,,,,QB
107566-60947,QB,Jarrett,Jarrett Stidham,Stidham,9.213333129882812,3,6000,LV@DEN,DEN,LV,,,,,,QB
107566-102933,QB,Kedon,Kedon Slovis,Slovis,,0,6000,BUF@HOU,HOU,BUF,,,,,,QB
107566-114198,WR,Xavier,Xavier Legette,Legette,9.09999974568685,3,6000,CAR@CHI,CAR,CHI,,,,,,WR/FLEX
107566-94748,QB,Tommy,Tommy DeVito,DeVito,10.726666768391928,9,6000,NYG@SEA,NYG,SEA,,,,,,QB
107566-89628,QB,Davis,Davis Mills,Mills,3.1600000858306885,1,6000,BUF@HOU,HOU,BUF,,,,,,QB
107566-87594,QB,Sam,Sam Hartman,Hartman,,0,6000,CLE@WAS,WAS,CLE,,,,,,QB
107566-30253,QB,Jeff,Jeff Driskel,Driskel,7.96999979019165,2,6000,CLE@WAS,WAS,CLE,,,,,,QB
107566-64051,QB,Drew,Drew Lock,Lock,5.353333155314128,6,6000,NYG@SEA,NYG,SEA,,,,,,QB
107566-112191,QB,John Rhys,John Rhys Plumlee,Plumlee,,0,6000,IND@JAC,JAC,IND,,,,,,QB
107566-40534,QB,Mike,Mike White,White,0.43714284896850586,7,6000,BUF@HOU,BUF,HOU,,,,,,QB
107566-72297,RB,Rico,Rico Dowdle,Dowdle,7.824999809265137,4,6000,DAL@PIT,DAL,PIT,,,,,,RB/FLEX
107566-86641,QB,Tanner,Tanner Mordecai,Mordecai,,0,6000,ARI@SF,SF,ARI,,,,,,QB
107566-87691,QB,Malik,Malik Willis,Willis,12.786666870117188,3,6000,GB@LAR,GB,LAR,,,,,,QB
107566-110246,WR,George,George Pickens,Pickens,9.600000381469727,4,6000,DAL@PIT,PIT,DAL,,,,,,WR/FLEX
107566-44715,QB,Cooper,Cooper Rush,Rush,0.07000000029802322,2,6000,DAL@PIT,DAL,PIT,,,,,,QB
107566-29358,QB,Marcus,Marcus Mariota,Mariota,4.253333409627278,3,6000,CLE@WAS,WAS,CLE,IR,Chest,,,,QB
107566-93878,QB,Devin,Devin Leary,Leary,,0,6000,BAL@CIN,BAL,CIN,,,,,,QB
107566-90813,QB,Clayton,Clayton Tune,Tune,-2.5999999046325684,1,6000,ARI@SF,ARI,SF,,,,,,QB
107566-52929,QB,Jake,Jake Luton,Luton,,0,6000,CAR@CHI,CAR,CHI,Q,Shoulder,,,,QB
107566-69333,QB,Jacob,Jacob Eason,Eason,,0,6000,GB@LAR,GB,LAR,,,,,,QB
107566-38628,QB,Mitchell,Mitchell Trubisky,Trubisky,-0.033333333830038704,3,6000,BUF@HOU,BUF,HOU,,,,,,QB
107566-92904,QB,Rocky,Rocky Lombardi,Lombardi,,0,6000,BAL@CIN,CIN,BAL,,,,,,QB
107566-86775,QB,Jacob,Jacob Sirmon,Sirmon,,0,6000,CLE@WAS,CLE,WAS,,,,,,QB
107566-91898,QB,Dorian,Dorian Thompson-Robinson,Thompson-Robinson,2.9000000423855252,9,6000,CLE@WAS,CLE,WAS,,,,,,QB
107566-152316,QB,Drake,Drake Maye,Maye,2.0799999237060547,1,6000,MIA@NE,NE,MIA,,,,,,QB
107566-92975,QB,Malik,Malik Cunningham,Cunningham,0,1,6000,BAL@CIN,BAL,CIN,,,,,,QB
107566-119606,QB,Bryce,Bryce Young,Young,7.300000190734863,2,6000,CAR@CHI,CAR,CHI,,,,,,QB
107566-8023,QB,Josh,Josh Johnson,Johnson,0.03999999910593033,1,6000,BAL@CIN,BAL,CIN,,,,,,QB
107566-41827,QB,PJ,PJ Walker,Walker,4.159999847412109,6,6000,NYG@SEA,SEA,NYG,,,,,,QB
107566-53095,QB,Kyle,Kyle Allen,Allen,-0.1857142789023263,7,6000,DAL@PIT,PIT,DAL,,,,,,QB
107566-88937,QB,Carter,Carter Bradley,Bradley,,0,6000,LV@DEN,LV,DEN,,,,,,QB
107566-93103,QB,E.J.,E.J. Perry,Perry,,0,6000,IND@JAC,JAC,IND,,,,,,QB
107566-69597,QB,Anthony,Anthony Brown Jr.,Brown Jr.,,0,6000,BUF@HOU,BUF,HOU,,,,,,QB
107566-56286,QB,Trace,Trace McSorley,McSorley,,0,6000,CLE@WAS,WAS,CLE,,,,,,QB
107566-92133,QB,Jason,Jason Bean,Bean,,0,6000,IND@JAC,IND,JAC,O,Foot,,,,QB
107566-63469,QB,Ben,Ben DiNucci,DiNucci,,0,6000,BUF@HOU,BUF,HOU,,,,,,QB
107566-61593,WR,Jauan,Jauan Jennings,Jennings,16.975000381469727,4,5900,ARI@SF,SF,ARI,,,,,,WR/FLEX
107566-52436,TE,Mark,Mark Andrews,Andrews,2.375,4,5900,BAL@CIN,BAL,CIN,,,,,,TE/FLEX
107566-94534,WR,Gabe,Gabe Davis,Davis,4.150000095367432,4,5900,IND@JAC,JAC,IND,Q,Shoulder,,,,WR/FLEX
107566-93541,RB,Javonte,Javonte Williams,Williams,6.224999904632568,4,5900,LV@DEN,DEN,LV,,,,,,RB/FLEX
107566-90561,WR,Jerry,Jerry Jeudy,Jeudy,9.175000190734863,4,5900,CLE@WAS,CLE,WAS,,,,,,WR/FLEX
107566-86646,RB,Trey,Trey Sermon,Sermon,3.2000001271565757,3,5900,IND@JAC,IND,JAC,,,,,,RB/FLEX
107566-71521,RB,Justice,Justice Hill,Hill,9.425000190734863,4,5900,BAL@CIN,BAL,CIN,,,,,,RB/FLEX
107566-110457,WR,Dontayvion,Dontayvion Wicks,Wicks,8.100000381469727,4,5900,GB@LAR,GB,LAR,,,,,,WR/FLEX
107566-72776,RB,Alexander,Alexander Mattison,Mattison,9.550000190734863,4,5800,LV@DEN,LV,DEN,,,,,,RB/FLEX
107566-63634,WR,Jakobi,Jakobi Meyers,Meyers,9.475000381469727,4,5800,LV@DEN,LV,DEN,,,,,,WR/FLEX
107566-103619,WR,Tre,Tre Tucker,Tucker,9.375,4,5800,LV@DEN,LV,DEN,,,,,,WR/FLEX
107566-29253,WR,Keenan,Keenan Allen,Allen,4.150000095367432,2,5800,CAR@CHI,CHI,CAR,,,,,,WR/FLEX
107566-128693,RB,Tank,Tank Bigsby,Bigsby,5.733333587646484,3,5800,IND@JAC,JAC,IND,Q,Shoulder,,,,RB/FLEX
107566-103187,RB,Roschon,Roschon Johnson,Johnson,8.399999618530273,2,5800,CAR@CHI,CHI,CAR,,,,,,RB/FLEX
107566-41872,TE,Evan,Evan Engram,Engram,1,1,5800,IND@JAC,JAC,IND,Q,Hamstring,,,,TE/FLEX
107566-57403,WR,Courtland,Courtland Sutton,Sutton,8.175000190734863,4,5700,LV@DEN,DEN,LV,,,,,,WR/FLEX
107566-28744,RB,Raheem,Raheem Mostert,Mostert,2.9000000953674316,1,5700,MIA@NE,MIA,NE,Q,Chest,,,,RB/FLEX
107566-94370,WR,Romeo,Romeo Doubs,Doubs,5.724999904632568,4,5700,GB@LAR,GB,LAR,Q,Personal,,,,WR/FLEX
107566-87260,TE,Isaiah,Isaiah Likely,Likely,8.050000190734863,4,5700,BAL@CIN,BAL,CIN,,,,,,TE/FLEX
107566-103694,RB,Ray,Ray Davis,Davis,4.099999904632568,4,5700,BUF@HOU,BUF,HOU,,,,,,RB/FLEX
107566-120033,WR,Rome,Rome Odunze,Odunze,7.699999809265137,4,5600,CAR@CHI,CHI,CAR,,,,,,WR/FLEX
107566-92976,WR,Tutu,Tutu Atwell,Atwell,9.266666412353516,3,5600,GB@LAR,LAR,GB,,,,,,WR/FLEX
107566-85845,WR,Rashod,Rashod Bateman,Bateman,6.224999904632568,4,5600,BAL@CIN,BAL,CIN,,,,,,WR/FLEX
107566-38791,RB,Ezekiel,Ezekiel Elliott,Elliott,5.175000190734863,4,5600,DAL@PIT,DAL,PIT,Q,Undisclosed,,,,RB/FLEX
107566-55335,TE,David,David Njoku,Njoku,6.400000095367432,1,5500,CLE@WAS,CLE,WAS,Q,Ankle,,,,TE/FLEX
107566-185593,WR,Andrei,Andrei Iosivas,Iosivas,8.725000381469727,4,5500,BAL@CIN,CIN,BAL,,,,,,WR/FLEX
107566-56648,RB,Jeremy,Jeremy McNichols,McNichols,10,2,5500,CLE@WAS,WAS,CLE,,,,,,RB/FLEX
107566-38264,WR,Demarcus,Demarcus Robinson,Robinson,5.150000095367432,4,5500,GB@LAR,LAR,GB,Q,Hip,,,,WR/FLEX
107566-91578,RB,Zamir,Zamir White,White,3.825000047683716,4,5500,LV@DEN,LV,DEN,Q,Groin,,,,RB/FLEX
107566-169776,WR,Christian,Christian Watson,Watson,5.5,3,5500,GB@LAR,GB,LAR,D,Ankle,,,,WR/FLEX
107566-86312,WR,Alec,Alec Pierce,Pierce,10.850000381469727,4,5400,IND@JAC,IND,JAC,,,,,,WR/FLEX
107566-52613,WR,Curtis,Curtis Samuel,Samuel,2.375,4,5400,BUF@HOU,BUF,HOU,,,,,,WR/FLEX
107566-55042,TE,Dalton,Dalton Schultz,Schultz,3.299999952316284,4,5400,BUF@HOU,HOU,BUF,,,,,,TE/FLEX
107566-157467,WR,Keon,Keon Coleman,Coleman,5.650000095367432,4,5400,BUF@HOU,BUF,HOU,,,,,,WR/FLEX
107566-103195,WR,Jordan,Jordan Whittington,Whittington,4.175000190734863,4,5400,GB@LAR,LAR,GB,,,,,,WR/FLEX
107566-90933,RB,Antonio,Antonio Gibson,Gibson,6.800000190734863,4,5400,MIA@NE,NE,MIA,,,,,,RB/FLEX
107566-86055,RB,Dameon,Dameon Pierce,Pierce,1.600000023841858,1,5300,BUF@HOU,HOU,BUF,Q,Hamstring,,,,RB/FLEX
107566-71845,RB,Miles,Miles Sanders,Sanders,5.574999809265137,4,5300,CAR@CHI,CAR,CHI,Q,Illness,,,,RB/FLEX
107566-160303,TE,Tucker,Tucker Kraft,Kraft,6.25,4,5300,GB@LAR,GB,LAR,,,,,,TE/FLEX
107566-112192,WR,Jonathan,Jonathan Mingo,Mingo,2.825000047683716,4,5300,CAR@CHI,CAR,CHI,,,,,,WR/FLEX
107566-25267,WR,Mack,Mack Hollins,Hollins,3.1500000953674316,4,5300,BUF@HOU,BUF,HOU,,,,,,WR/FLEX
107566-29501,WR,Brandin,Brandin Cooks,Cooks,4.949999809265137,4,5300,DAL@PIT,DAL,PIT,O,Knee,,,,WR/FLEX
107566-56265,TE,Mike,Mike Gesicki,Gesicki,5.550000190734863,4,5300,BAL@CIN,CIN,BAL,,,,,,TE/FLEX
107566-86244,TE,Pat,Pat Freiermuth,Freiermuth,7.525000095367432,4,5200,DAL@PIT,PIT,DAL,,,,,,TE/FLEX
107566-112057,RB,Jaylen,Jaylen Warren,Warren,3.566666603088379,3,5200,DAL@PIT,PIT,DAL,Q,Knee,,,,RB/FLEX
107566-185861,RB,Emanuel,Emanuel Wilson,Wilson,6.224999904632568,4,5200,GB@LAR,GB,LAR,,,,,,RB/FLEX
107566-89612,WR,Michael,Michael Wilson,Wilson,6.199999809265137,4,5200,ARI@SF,ARI,SF,,,,,,WR/FLEX
107566-63050,RB,Ty,Ty Johnson,Johnson,5.699999809265137,4,5200,BUF@HOU,BUF,HOU,,,,,,RB/FLEX
107566-40845,TE,Hunter,Hunter Henry,Henry,6.199999809265137,4,5200,MIA@NE,NE,MIA,,,,,,TE/FLEX
107566-91047,TE,Cole,Cole Kmet,Kmet,7.800000190734863,4,5200,CAR@CHI,CHI,CAR,,,,,,TE/FLEX
107566-69558,WR,Greg,Greg Dortch,Dortch,5.25,4,5200,ARI@SF,ARI,SF,,,,,,WR/FLEX
107566-64496,WR,Olamide,Olamide Zaccheaus,Zaccheaus,4.099999904632568,4,5200,CLE@WAS,WAS,CLE,,,,,,WR/FLEX
107566-64585,TE,Dawson,Dawson Knox,Knox,1.5,3,5100,BUF@HOU,BUF,HOU,,,,,,TE/FLEX
107566-103587,TE,Brenton,Brenton Strange,Strange,6.533333460489909,3,5100,IND@JAC,JAC,IND,,,,,,TE/FLEX
107566-158968,RB,Jonathon,Jonathon Brooks,Brooks,,0,5100,CAR@CHI,CAR,CHI,IR,Knee - acl,,,,RB/FLEX
107566-55552,RB,Jeff,Jeff Wilson Jr.,Wilson Jr.,2.066666603088379,3,5100,MIA@NE,MIA,NE,,,,,,RB/FLEX
107566-88548,WR,Jalen,Jalen Tolbert,Tolbert,7.125,4,5100,DAL@PIT,DAL,PIT,,,,,,WR/FLEX
107566-89588,TE,Colby,Colby Parkinson,Parkinson,4.324999809265137,4,5100,GB@LAR,LAR,GB,,,,,,TE/FLEX
107566-55830,RB,D'Onta,D'Onta Foreman,Foreman,2.433333396911621,3,5100,CLE@WAS,CLE,WAS,,,,,,RB/FLEX
107566-147051,RB,Jaleel,Jaleel McLaughlin,McLaughlin,4.224999904632568,4,5100,LV@DEN,DEN,LV,,,,,,RB/FLEX
107566-53097,WR,Josh,Josh Reynolds,Reynolds,5.724999904632568,4,5100,LV@DEN,DEN,LV,,,,,,WR/FLEX
107566-29683,WR,Nelson,Nelson Agholor,Agholor,2.75,4,5100,BAL@CIN,BAL,CIN,,,,,,WR/FLEX
107566-30733,RB,Cordarrelle,Cordarrelle Patterson,Patterson,3.7750000953674316,4,5000,DAL@PIT,PIT,DAL,Q,Ankle,,,,RB/FLEX
107566-71705,TE,Noah,Noah Fant,Fant,4.150000095367432,4,5000,NYG@SEA,SEA,NYG,Q,Toe,,,,TE/FLEX
107566-29780,TE,Zach,Zach Ertz,Ertz,6.125,4,5000,CLE@WAS,WAS,CLE,,,,,,TE/FLEX
107566-28827,RB,Dare,Dare Ogunbowale,Ogunbowale,5.324999809265137,4,5000,BUF@HOU,HOU,BUF,,,,,,RB/FLEX
107566-12549,D,San Francisco,San Francisco 49ers,49ers,9.75,4,5000,ARI@SF,SF,ARI,,,,,,DEF
107566-63819,WR,Darius,Darius Slayton,Slayton,4.300000190734863,4,5000,NYG@SEA,NYG,SEA,,,,,,WR/FLEX
107566-39716,WR,Adam,Adam Thielen,Thielen,6.966666539510091,3,5000,CAR@CHI,CAR,CHI,IR,Hamstring,,,,WR/FLEX
107566-91971,RB,Ronnie,Ronnie Rivers,Rivers,1.399999976158142,4,5000,GB@LAR,LAR,GB,,,,,,RB/FLEX
107566-120694,WR,Ja'Lynn,Ja'Lynn Polk,Polk,4.025000095367432,4,5000,MIA@NE,NE,MIA,,,,,,WR/FLEX
107566-57338,TE,Jordan,Jordan Akins,Akins,3.0250000953674316,4,5000,CLE@WAS,CLE,WAS,,,,,,TE/FLEX
107566-68712,WR,Tyler,Tyler Johnson,Johnson,4.224999904632568,4,4900,GB@LAR,LAR,GB,,,,,,WR/FLEX
107566-151789,WR,Adonai,Adonai Mitchell,Mitchell,1.2999999523162842,4,4900,IND@JAC,IND,JAC,,,,,,WR/FLEX
107566-94579,RB,Emari,Emari Demercado,Demercado,2.950000047683716,4,4900,ARI@SF,ARI,SF,,,,,,RB/FLEX
107566-71031,WR,Lil'Jordan,Lil'Jordan Humphrey,Humphrey,3.424999952316284,4,4900,LV@DEN,DEN,LV,,,,,,WR/FLEX
107566-88575,WR,Elijah,Elijah Moore,Moore,3.5250000953674316,4,4900,CLE@WAS,CLE,WAS,,,,,,WR/FLEX
107566-102986,TE,Elijah,Elijah Higgins,Higgins,3.575000047683716,4,4900,ARI@SF,ARI,SF,,,,,,TE/FLEX
107566-113228,TE,Luke,Luke Musgrave,Musgrave,1.1749999523162842,4,4900,GB@LAR,GB,LAR,Q,Ankle,,,,TE/FLEX
107566-142042,RB,Trey,Trey Benson,Benson,2.575000047683716,4,4900,ARI@SF,ARI,SF,,,,,,RB/FLEX
107566-56248,WR,Noah,Noah Brown,Brown,5.200000127156575,3,4900,CLE@WAS,WAS,CLE,Q,Groin,,,,WR/FLEX
107566-48116,TE,Jonnu,Jonnu Smith,Smith,3.075000047683716,4,4900,MIA@NE,MIA,NE,,,,,,TE/FLEX
107566-86153,RB,Tyrone,Tyrone Tracy Jr.,Tracy Jr.,2.25,4,4800,NYG@SEA,NYG,SEA,,,,,,RB/FLEX
107566-158983,TE,Ja'Tavion,Ja'Tavion Sanders,Sanders,1.3250000476837158,4,4800,CAR@CHI,CAR,CHI,,,,,,TE/FLEX
107566-12550,D,Seattle,Seattle Seahawks,Seahawks,7.25,4,4800,NYG@SEA,SEA,NYG,,,,,,DEF
107566-151903,WR,Troy,Troy Franklin,Franklin,0.9666666984558105,3,4800,LV@DEN,DEN,LV,,,,,,WR/FLEX
107566-133477,TE,Darnell,Darnell Washington,Washington,4.033333460489909,3,4800,DAL@PIT,PIT,DAL,,,,,,TE/FLEX
107566-63855,WR,K.J.,K.J. Osborn,Osborn,1.8666666348775227,3,4800,MIA@NE,NE,MIA,Q,Shoulder,,,,WR/FLEX
107566-72412,RB,Khalil,Khalil Herbert,Herbert,3,3,4800,CAR@CHI,CHI,CAR,,,,,,RB/FLEX
107566-29685,WR,Robert,Robert Woods,Woods,1.433333396911621,3,4800,BUF@HOU,HOU,BUF,Q,Foot,,,,WR/FLEX
107566-103547,WR,Luke,Luke McCaffrey,McCaffrey,3.7999998728434243,3,4700,CLE@WAS,WAS,CLE,,,,,,WR/FLEX
107566-105648,RB,Tyler,Tyler Goodson,Goodson,0.699999988079071,1,4700,IND@JAC,IND,JAC,,,,,,RB/FLEX
107566-12533,D,Green Bay,Green Bay Packers,Packers,11.5,4,4700,GB@LAR,GB,LAR,,,,,,DEF
107566-111876,WR,DeMario,DeMario Douglas,Douglas,5.433333079020183,3,4700,MIA@NE,NE,MIA,,,,,,WR/FLEX
107566-152103,RB,Jaylen,Jaylen Wright,Wright,1.7666667302449544,3,4700,MIA@NE,MIA,NE,,,,,,RB/FLEX
107566-90870,WR,Calvin,Calvin Austin III,Austin III,5.5,4,4700,DAL@PIT,PIT,DAL,,,,,,WR/FLEX
107566-128810,TE,Theo,Theo Johnson,Johnson,1.7333332697550456,3,4700,NYG@SEA,NYG,SEA,,,,,,TE/FLEX
107566-91101,TE,Tommy,Tommy Tremble,Tremble,4.099999904632568,2,4700,CAR@CHI,CAR,CHI,Q,Knee,,,,TE/FLEX
107566-89220,WR,Tyquan,Tyquan Thornton,Thornton,1.2333333492279053,3,4600,MIA@NE,NE,MIA,,,,,,WR/FLEX
107566-40126,TE,Austin,Austin Hooper,Hooper,3.950000047683716,4,4600,MIA@NE,NE,MIA,,,,,,TE/FLEX
107566-90307,TE,Daniel,Daniel Bellinger,Bellinger,1.5,2,4600,NYG@SEA,NYG,SEA,,,,,,TE/FLEX
107566-130270,TE,Adam,Adam Trautman,Trautman,0.8999999761581421,2,4600,LV@DEN,DEN,LV,,,,,,TE/FLEX
107566-12527,D,Chicago,Chicago Bears,Bears,10.75,4,4600,CAR@CHI,CHI,CAR,,,,,,DEF
107566-137516,WR,Parker,Parker Washington,Washington,1.1999999682108562,3,4600,IND@JAC,JAC,IND,,,,,,WR/FLEX
107566-71143,TE,Kylen,Kylen Granson,Granson,1.9666666984558105,3,4600,IND@JAC,IND,JAC,,,,,,TE/FLEX
107566-89644,RB,Isaac,Isaac Guerendo,Guerendo,-0.033333333830038704,3,4600,ARI@SF,SF,ARI,,,,,,RB/FLEX
107566-40647,WR,Marquez,Marquez Valdes-Scantling,Valdes-Scantling,0.8999999761581421,4,4600,BUF@HOU,BUF,HOU,,,,,,WR/FLEX
107566-137967,RB,Blake,Blake Corum,Corum,2.799999952316284,1,4600,GB@LAR,LAR,GB,,,,,,RB/FLEX
107566-12555,D,Baltimore,Baltimore Ravens,Ravens,6.25,4,4500,BAL@CIN,BAL,CIN,,,,,,DEF
107566-133484,WR,Jermaine,Jermaine Burton,Burton,5.199999809265137,1,4500,BAL@CIN,CIN,BAL,,,,,,WR/FLEX
107566-85635,TE,Charlie,Charlie Kolar,Kolar,2.200000047683716,2,4500,BAL@CIN,BAL,CIN,,,,,,TE/FLEX
107566-72370,RB,J.J.,J.J. Taylor,Taylor,1.5499999523162842,2,4500,BUF@HOU,HOU,BUF,,,,,,RB/FLEX
107566-138998,TE,Michael,Michael Mayer,Mayer,1.3666666348775227,3,4500,LV@DEN,LV,DEN,Q,Personal,,,,TE/FLEX
107566-138037,WR,Roman,Roman Wilson,Wilson,,0,4500,DAL@PIT,PIT,DAL,,,,,,WR/FLEX
107566-119653,WR,Kayshon,Kayshon Boutte,Boutte,1.149999976158142,2,4500,MIA@NE,NE,MIA,,,,,,WR/FLEX
107566-57299,TE,Gerald,Gerald Everett,Everett,0.5,3,4500,CAR@CHI,CHI,CAR,,,,,,TE/FLEX
107566-111637,TE,Cade,Cade Stover,Stover,2.75,2,4400,BUF@HOU,HOU,BUF,,,,,,TE/FLEX
107566-137265,TE,Ben,Ben Sinnott,Sinnott,,0,4400,CLE@WAS,WAS,CLE,,,,,,TE/FLEX
107566-64581,WR,Van,Van Jefferson,Jefferson,2.0333333015441895,3,4400,DAL@PIT,PIT,DAL,,,,,,WR/FLEX
107566-57543,RB,D'Ernest,D'Ernest Johnson,Johnson,1.2666666507720947,3,4400,IND@JAC,JAC,IND,,,,,,RB/FLEX
107566-12526,D,Buffalo,Buffalo Bills,Bills,9,4,4400,BUF@HOU,BUF,HOU,,,,,,DEF
107566-91417,TE,Luke,Luke Schoonmaker,Schoonmaker,4.150000095367432,2,4400,DAL@PIT,DAL,PIT,,,,,,TE/FLEX
107566-60957,WR,KaVontae,KaVontae Turpin,Turpin,6.766666412353516,3,4400,DAL@PIT,DAL,PIT,,,,,,WR/FLEX
107566-87634,TE,Blake,Blake Whiteheart,Whiteheart,8.800000190734863,1,4400,CLE@WAS,CLE,WAS,,,,,,TE/FLEX
107566-147049,TE,Drew,Drew Ogletree,Ogletree,4.849999904632568,2,4400,IND@JAC,IND,JAC,,,,,,TE/FLEX
107566-94887,RB,Tyler,Tyler Badie,Badie,2.633333365122477,3,4400,LV@DEN,DEN,LV,Q,Back,,,,RB/FLEX
107566-88752,WR,Charlie,Charlie Jones,Jones,-0.3333333333333333,3,4400,BAL@CIN,CIN,BAL,,,,,,WR/FLEX
107566-30403,WR,Chris,Chris Conley,Conley,0.44999998807907104,2,4400,ARI@SF,SF,ARI,Q,Oblique,,,,WR/FLEX
107566-137990,TE,Tip,Tip Reiman,Reiman,,0,4400,ARI@SF,ARI,SF,,,,,,TE/FLEX
107566-91931,TE,Greg,Greg Dulcich,Dulcich,1.7666667302449544,3,4400,LV@DEN,DEN,LV,,,,,,TE/FLEX
107566-103378,TE,Erick,Erick All Jr.,All Jr.,4.733333269755046,3,4400,BAL@CIN,CIN,BAL,,,,,,TE/FLEX
107566-71662,WR,DJ,DJ Turner,Turner,2.3499999046325684,4,4400,LV@DEN,LV,DEN,,,,,,WR/FLEX
107566-90123,TE,Quintin,Quintin Morris,Morris,3.2000001271565757,3,4300,BUF@HOU,BUF,HOU,,,,,,TE/FLEX
107566-79987,WR,David,David Moore,Moore,0.949999988079071,2,4300,CAR@CHI,CAR,CHI,,,,,,WR/FLEX
107566-62628,WR,DeAndre,DeAndre Carter,Carter,2.375,4,4300,CAR@CHI,CHI,CAR,Q,Ribs,,,,WR/FLEX
107566-65724,RB,JaMycal,JaMycal Hasty,Hasty,0.550000011920929,4,4300,MIA@NE,NE,MIA,,,,,,RB/FLEX
107566-69860,RB,Trayveon,Trayveon Williams,Williams,0,3,4300,BAL@CIN,CIN,BAL,,,,,,RB/FLEX
107566-12537,D,Las Vegas,Las Vegas Raiders,Raiders,3,4,4300,LV@DEN,LV,DEN,,,,,,DEF
107566-52495,WR,Braxton,Braxton Berrios,Berrios,0,4,4300,MIA@NE,MIA,NE,Q,Ankle,,,,WR/FLEX
107566-93538,WR,Dyami,Dyami Brown,Brown,2.066666603088379,3,4300,CLE@WAS,WAS,CLE,,,,,,WR/FLEX
107566-71032,WR,Devin,Devin Duvernay,Duvernay,0.2750000059604645,4,4300,IND@JAC,JAC,IND,,,,,,WR/FLEX
107566-56711,TE,Drew,Drew Sample,Sample,2.4000000953674316,2,4300,BAL@CIN,CIN,BAL,,,,,,TE/FLEX
107566-64905,WR,Trenton,Trenton Irwin,Irwin,1.0499999523162842,2,4300,BAL@CIN,CIN,BAL,,,,,,WR/FLEX
107566-92606,WR,Bo,Bo Melton,Melton,1.3666666348775227,3,4300,GB@LAR,GB,LAR,,,,,,WR/FLEX
107566-73176,TE,Luke,Luke Farrell,Farrell,0.9666666984558105,3,4300,IND@JAC,JAC,IND,,,,,,TE/FLEX
107566-201561,WR,Cole,Cole Burgess,Burgess,,0,4300,BAL@CIN,CIN,BAL,,,,,,WR/FLEX
107566-70601,TE,Harrison,Harrison Bryant,Bryant,1.5499999523162842,2,4300,LV@DEN,LV,DEN,,,,,,TE/FLEX
107566-24533,TE,Mo,Mo Alie-Cox,Alie-Cox,0.9000000158945719,3,4300,IND@JAC,IND,JAC,,,,,,TE/FLEX
107566-42046,TE,Durham,Durham Smythe,Smythe,0.6999999682108561,3,4200,MIA@NE,MIA,NE,,,,,,TE/FLEX
107566-79980,TE,Eric,Eric Saubert,Saubert,2.8999999364217124,3,4200,ARI@SF,SF,ARI,,,,,,TE/FLEX
107566-129240,WR,Tyler,Tyler Scott,Scott,2.1076922783484826,13,4200,CAR@CHI,CHI,CAR,,,,,,WR/FLEX
107566-170213,RB,Aaron,Aaron Shampklin,Shampklin,0.5,1,4200,DAL@PIT,PIT,DAL,,,,,,RB/FLEX
107566-12539,D,Miami,Miami Dolphins,Dolphins,3.75,4,4200,MIA@NE,MIA,NE,,,,,,DEF
107566-102696,WR,John,John Metchie III,Metchie III,1.2000000476837158,1,4200,BUF@HOU,HOU,BUF,,,,,,WR/FLEX
107566-80299,RB,Patrick,Patrick Ricard,Ricard,3,2,4200,BAL@CIN,BAL,CIN,,,,,,RB/FLEX
107566-26057,RB,Michael,Michael Burton,Burton,0.7333333492279053,3,4200,LV@DEN,DEN,LV,,,,,,RB/FLEX
107566-39428,RB,Kyle,Kyle Juszczyk,Juszczyk,2.799999952316284,4,4200,ARI@SF,SF,ARI,,,,,,RB/FLEX
107566-185863,RB,Hunter,Hunter Luepke,Luepke,3.7000001271565757,3,4200,DAL@PIT,DAL,PIT,,,,,,RB/FLEX
107566-102928,RB,Eric,Eric Gray,Gray,0.02500000037252903,4,4200,NYG@SEA,NYG,SEA,,,,,,RB/FLEX
107566-160306,RB,Pierre,Pierre Strong Jr.,Strong Jr.,2.5,2,4200,CLE@WAS,CLE,WAS,Q,Hamstring,,,,RB/FLEX
107566-173626,TE,Nate,Nate Adkins,Adkins,0.5333333412806193,3,4200,LV@DEN,DEN,LV,,,,,,TE/FLEX
107566-104012,WR,Ashton,Ashton Dulin,Dulin,4.566666603088379,3,4200,IND@JAC,IND,JAC,,,,,,WR/FLEX
107566-201344,WR,DeAngelo,DeAngelo Hardy,Hardy,,0,4200,BAL@CIN,BAL,CIN,,,,,,WR/FLEX
107566-110230,RB,Kenny,Kenny McIntosh,McIntosh,1.100000023841858,1,4200,NYG@SEA,SEA,NYG,,,,,,RB/FLEX
107566-137953,TE,AJ,AJ Barner,Barner,6.25,2,4200,NYG@SEA,SEA,NYG,,,,,,TE/FLEX
107566-70426,RB,Reggie,Reggie Gilliam,Gilliam,0.26666667064030963,3,4200,BUF@HOU,BUF,HOU,,,,,,RB/FLEX
107566-139094,WR,Jalin,Jalin Hyatt,Hyatt,0,3,4200,NYG@SEA,NYG,SEA,,,,,,WR/FLEX
107566-61273,WR,Scotty,Scotty Miller,Miller,4.099999904632568,1,4200,DAL@PIT,PIT,DAL,,,,,,WR/FLEX
107566-93075,TE,Hunter,Hunter Long,Long,,0,4200,GB@LAR,LAR,GB,,,,,,TE/FLEX
107566-93150,WR,Jake,Jake Bobo,Bobo,3.5,2,4200,NYG@SEA,SEA,NYG,,,,,,WR/FLEX
107566-119788,WR,Xavier,Xavier Hutchinson,Hutchinson,0.26666667064030963,3,4200,BUF@HOU,HOU,BUF,,,,,,WR/FLEX
107566-72705,TE,John,John Bates,Bates,0.8000000317891439,3,4100,CLE@WAS,WAS,CLE,,,,,,TE/FLEX
107566-137254,RB,Deuce,Deuce Vaughn,Vaughn,1.4666666984558105,3,4100,DAL@PIT,DAL,PIT,,,,,,RB/FLEX
107566-138277,WR,Jalen,Jalen Brooks,Brooks,2.2333332697550454,3,4100,DAL@PIT,DAL,PIT,,,,,,WR/FLEX
107566-87127,RB,Chris,Chris Rodriguez Jr.,Rodriguez Jr.,3.6900001525878907,10,4100,CLE@WAS,WAS,CLE,,,,,,RB/FLEX
107566-63717,RB,Alec,Alec Ingold,Ingold,1.3000000317891438,3,4100,MIA@NE,MIA,NE,,,,,,RB/FLEX
107566-12541,D,New England,New England Patriots,Patriots,5.25,4,4100,MIA@NE,NE,MIA,,,,,,DEF
107566-12547,D,Pittsburgh,Pittsburgh Steelers,Steelers,9,4,4100,DAL@PIT,PIT,DAL,,,,,,DEF
107566-33047,WR,Chris,Chris Moore,Moore,3.8199999491373697,15,4100,ARI@SF,ARI,SF,,,,,,WR/FLEX
107566-120093,WR,Marvin,Marvin Mims Jr.,Mims Jr.,0.7250000238418579,4,4100,LV@DEN,DEN,LV,,,,,,WR/FLEX
107566-89437,WR,Tim,Tim Jones,Jones,1.5333333545260959,9,4100,IND@JAC,JAC,IND,,,,,,WR/FLEX
107566-93540,RB,British,British Brooks,Brooks,0.20000000298023224,1,4100,BUF@HOU,HOU,BUF,,,,,,RB/FLEX
107566-87432,WR,Cedric,Cedric Tillman,Tillman,0.8000000317891439,3,4100,CLE@WAS,CLE,WAS,,,,,,WR/FLEX
107566-92573,TE,Travis,Travis Vokolek,Vokolek,,0,4100,ARI@SF,ARI,SF,,,,,,TE/FLEX
107566-87515,WR,Tylan,Tylan Wallace,Wallace,0.949999988079071,8,4100,BAL@CIN,BAL,CIN,,,,,,WR/FLEX
107566-185850,TE,Julian,Julian Hill,Hill,1.5,3,4100,MIA@NE,MIA,NE,,,,,,TE/FLEX
107566-27229,RB,Ameer,Ameer Abdullah,Abdullah,1.1666666666666667,3,4100,LV@DEN,LV,DEN,,,,,,RB/FLEX
107566-87859,WR,Laviska,Laviska Shenault Jr.,Shenault Jr.,1.1749999523162842,4,4100,NYG@SEA,SEA,NYG,,,,,,WR/FLEX
107566-85842,TE,Brevyn,Brevyn Spann-Ford,Spann-Ford,0,1,4100,DAL@PIT,DAL,PIT,,,,,,TE/FLEX
107566-94087,RB,DeeJay,DeeJay Dallas,Dallas,3,2,4100,ARI@SF,ARI,SF,,,,,,RB/FLEX
107566-70661,WR,Velus,Velus Jones Jr.,Jones Jr.,0.4000000059604645,1,4000,CAR@CHI,CHI,CAR,,,,,,WR/FLEX
107566-70663,WR,Frank,Frank Darby,Darby,,0,4000,ARI@SF,SF,ARI,Q,Undisclosed,,,,WR/FLEX
107566-92166,WR,Marcus,Marcus Jones,Jones,0,4,4000,MIA@NE,NE,MIA,Q,Groin,,,,WR/FLEX
107566-166926,WR,Joseph,Joseph Scates,Scates,,0,4000,IND@JAC,JAC,IND,,,,,,WR/FLEX
107566-96269,RB,Owen,Owen Wright,Wright,0,1,4000,BAL@CIN,BAL,CIN,IR,Foot,,,,RB/FLEX
107566-41997,WR,River,River Cracraft,Cracraft,3.8428570883614674,7,4000,MIA@NE,MIA,NE,IR,Upper body,,,,WR/FLEX
107566-72725,TE,Irv,Irv Smith Jr.,Smith Jr.,2.7222222222222223,9,4000,BUF@HOU,HOU,BUF,,,,,,TE/FLEX
107566-139284,RB,Frank,Frank Gore Jr.,Gore Jr.,,0,4000,BUF@HOU,BUF,HOU,,,,,,RB/FLEX
107566-69655,TE,Stephen,Stephen Sullivan,Sullivan,1.6818181818181819,11,4000,CAR@CHI,CAR,CHI,,,,,,TE/FLEX
107566-70680,WR,Jalen,Jalen Camp,Camp,,0,4000,CLE@WAS,CLE,WAS,,,,,,WR/FLEX
107566-86047,RB,Malik,Malik Davis,Davis,,0,4000,DAL@PIT,DAL,PIT,,,,,,RB/FLEX
107566-86052,WR,Kadarius,Kadarius Toney,Toney,3.0384615384615383,13,4000,CLE@WAS,CLE,WAS,Q,Undisclosed,,,,WR/FLEX
107566-154661,WR,Michael,Michael Bandy,Bandy,,0,4000,LV@DEN,DEN,LV,,,,,,WR/FLEX
107566-62505,TE,MyCole,MyCole Pruitt,Pruitt,1.399999976158142,1,4000,DAL@PIT,PIT,DAL,Q,Knee,,,,TE/FLEX
107566-209960,TE,Devon,Devon Garrison,Garrison,,0,4000,NYG@SEA,SEA,NYG,,,,,,TE/FLEX
107566-88109,RB,Gary,Gary Brightwell,Brightwell,0,1,4000,CLE@WAS,CLE,WAS,,,,,,RB/FLEX
107566-152631,WR,Samori,Samori Toure,Toure,1.1800000190734863,10,4000,CAR@CHI,CHI,CAR,,,,,,WR/FLEX
107566-86068,WR,Jacob,Jacob Copeland,Copeland,,0,4000,DAL@PIT,PIT,DAL,,,,,,WR/FLEX
107566-53303,RB,Matt,Matt Breida,Breida,2.5600001017252603,15,4000,ARI@SF,SF,ARI,,,,,,RB/FLEX
107566-86075,TE,Lucas,Lucas Krull,Krull,2.7857142857142856,7,4000,LV@DEN,DEN,LV,,,,,,TE/FLEX
107566-94269,RB,Henry,Henry Pearson,Pearson,,0,4000,GB@LAR,GB,LAR,,,,,,RB/FLEX
107566-165962,TE,Nikola,Nikola Kalinic,Kalinic,,0,4000,GB@LAR,LAR,GB,,,,,,TE/FLEX
107566-27721,WR,Justin,Justin Hardee Sr.,Hardee Sr.,,0,4000,CAR@CHI,CAR,CHI,,,,,,WR/FLEX
107566-170056,WR,Dee,Dee Williams,Williams,-0.5,4,4000,NYG@SEA,SEA,NYG,,,,,,WR/FLEX
107566-112715,WR,Joshua,Joshua Cephus,Cephus,,0,4000,IND@JAC,JAC,IND,,,,,,WR/FLEX
107566-103511,WR,Devaughn,Devaughn Vele,Vele,7.900000095367432,1,4000,LV@DEN,DEN,LV,,,,,,WR/FLEX
107566-112737,WR,Isaiah,Isaiah Washington,Washington,,0,4000,BAL@CIN,BAL,CIN,Q,Undisclosed,,,,WR/FLEX
107566-89185,TE,Ben,Ben Sims,Sims,1.2222222222222223,9,4000,GB@LAR,GB,LAR,,,,,,TE/FLEX
107566-86113,WR,Ihmir,Ihmir Smith-Marsette,Smith-Marsette,0,2,4000,NYG@SEA,NYG,SEA,,,,,,WR/FLEX
107566-114787,RB,Terrell,Terrell Jennings,Jennings,,0,4000,MIA@NE,NE,MIA,,,,,,RB/FLEX
107566-24675,WR,Martavis,Martavis Bryant,Bryant,,0,4000,CLE@WAS,WAS,CLE,,,,,,WR/FLEX
107566-64627,WR,Scotty,Scotty Washington,Washington,,0,4000,BAL@CIN,BAL,CIN,O,Hand,,,,WR/FLEX
107566-61555,WR,David,David Sills V,Sills V,,0,4000,LV@DEN,DEN,LV,,,,,,WR/FLEX
107566-30837,WR,Jordan,Jordan Matthews,Matthews,0,1,4000,CAR@CHI,CAR,CHI,,,,,,WR/FLEX
107566-69752,WR,Jalen,Jalen Virgil,Virgil,,0,4000,BUF@HOU,BUF,HOU,,,,,,WR/FLEX
107566-64634,WR,Alex,Alex Bachman,Bachman,,0,4000,LV@DEN,LV,DEN,,,,,,WR/FLEX
107566-68730,TE,Sean,Sean McKeon,McKeon,0,4,4000,IND@JAC,IND,JAC,,,,,,TE/FLEX
107566-110721,WR,Dayton,Dayton Wade,Wade,,0,4000,BAL@CIN,BAL,CIN,,,,,,WR/FLEX
107566-104577,WR,Gunner,Gunner Olszewski,Olszewski,0.25,10,4000,NYG@SEA,NYG,SEA,IR,Groin,,,,WR/FLEX
107566-199819,RB,Louis,Louis Rees-Zammit,Rees-Zammit,,0,4000,IND@JAC,JAC,IND,,,,,,RB/FLEX
107566-94345,TE,Cole,Cole Turner,Turner,2.1875,8,4000,CLE@WAS,WAS,CLE,,,,,,TE/FLEX
107566-63625,RB,Nyheim,Nyheim Hines,Hines,,0,4000,CLE@WAS,CLE,WAS,IR,Knee - acl,,,,RB/FLEX
107566-87179,TE,Thomas,Thomas Yassmin,Yassmin,,0,4000,LV@DEN,DEN,LV,,,,,,TE/FLEX
107566-112780,WR,Jamari,Jamari Thrash,Thrash,,0,4000,CLE@WAS,CLE,WAS,,,,,,WR/FLEX
107566-53390,WR,Zach,Zach Pascal,Pascal,0.4333333439297146,9,4000,ARI@SF,ARI,SF,,,,,,WR/FLEX
107566-94363,WR,Elijah,Elijah Cooks,Cooks,1.7666667302449544,3,4000,IND@JAC,JAC,IND,,,,,,WR/FLEX
107566-54426,TE,Andrew,Andrew Beck,Beck,2.3785713740757535,14,4000,GB@LAR,GB,LAR,,,,,,TE/FLEX
107566-93341,WR,Sam,Sam Pinckney,Pinckney,,0,4000,CAR@CHI,CAR,CHI,,,,,,WR/FLEX
107566-63646,TE,Lawrence,Lawrence Cager,Cager,2.3200000762939452,5,4000,NYG@SEA,NYG,SEA,Q,Undisclosed,,,,TE/FLEX
107566-103584,RB,Noah,Noah Cain,Cain,,0,4000,BAL@CIN,CIN,BAL,,,,,,RB/FLEX
107566-92331,TE,Johnny,Johnny Lumpkin,Lumpkin,,0,4000,GB@LAR,GB,LAR,,,,,,TE/FLEX
107566-65706,WR,Deontay,Deontay Burnett,Burnett,,0,4000,DAL@PIT,DAL,PIT,,,,,,WR/FLEX
107566-83117,TE,Tanner,Tanner Hudson,Hudson,0.800000011920929,1,4000,BAL@CIN,CIN,BAL,,,,,,TE/FLEX
107566-157875,WR,Grant,Grant DuBose,DuBose,1.7999999523162842,1,4000,MIA@NE,MIA,NE,IR,Shoulder,,,,WR/FLEX
107566-86192,WR,KJ,KJ Hamler,Hamler,,0,4000,BUF@HOU,BUF,HOU,,,,,,WR/FLEX
107566-24755,WR,Jamison,Jamison Crowder,Crowder,1,1,4000,CLE@WAS,WAS,CLE,IR,Calf,,,,WR/FLEX
107566-52409,RB,Jakob,Jakob Johnson,Johnson,0.5666666825612386,3,4000,NYG@SEA,NYG,SEA,,,,,,RB/FLEX
107566-86203,WR,Justin,Justin Shorter,Shorter,,0,4000,LV@DEN,LV,DEN,,,,,,WR/FLEX
107566-153789,WR,Je'Quan,Je'Quan Burton,Burton,,0,4000,MIA@NE,MIA,NE,,,,,,WR/FLEX
107566-87233,WR,Bryan,Bryan Thompson,Thompson,,0,4000,BUF@HOU,BUF,HOU,,,,,,WR/FLEX
107566-89283,TE,Tre',Tre' McKitty,McKitty,0,1,4000,BUF@HOU,BUF,HOU,,,,,,TE/FLEX
107566-54472,WR,Cam,Cam Sims,Sims,,0,4000,CAR@CHI,CAR,CHI,Q,Undisclosed,,,,WR/FLEX
107566-149710,WR,Mike,Mike Strachan,Strachan,2.5,2,4000,CAR@CHI,CAR,CHI,,,,,,WR/FLEX
107566-166095,RB,Cody,Cody Schrader,Schrader,,0,4000,GB@LAR,LAR,GB,,,,,,RB/FLEX
107566-69836,WR,Collin,Collin Johnson,Johnson,1.600000023841858,1,4000,CAR@CHI,CHI,CAR,,,,,,WR/FLEX
107566-170188,TE,Tanner,Tanner Conner,Conner,1.5499999523162842,2,4000,MIA@NE,MIA,NE,,,,,,TE/FLEX
107566-149708,TE,Zach,Zach Davidson,Davidson,,0,4000,BUF@HOU,BUF,HOU,,,,,,TE/FLEX
107566-112850,RB,Michael,Michael Wiley,Wiley,,0,4000,CLE@WAS,WAS,CLE,,,,,,RB/FLEX
107566-88277,RB,Anthony,Anthony McFarland Jr.,McFarland Jr.,1.0499999523162842,2,4000,MIA@NE,MIA,NE,,,,,,RB/FLEX
107566-25813,WR,Phillip,Phillip Dorsett II,Dorsett II,0,2,4000,LV@DEN,DEN,LV,,,,,,WR/FLEX
107566-170206,TE,Rodney,Rodney Williams,Williams,0,3,4000,DAL@PIT,PIT,DAL,,,,,,TE/FLEX
107566-149727,TE,Bernhard,Bernhard Seikovits,Seikovits,,0,4000,ARI@SF,ARI,SF,,,,,,TE/FLEX
107566-93404,RB,Zander,Zander Horvath,Horvath,,0,4000,MIA@NE,MIA,NE,,,,,,RB/FLEX
107566-95455,WR,D.J.,D.J. Montgomery,Montgomery,6.550000190734863,2,4000,IND@JAC,IND,JAC,,,,,,WR/FLEX
107566-170208,WR,Kaden,Kaden Davis,Davis,,0,4000,LV@DEN,DEN,LV,,,,,,WR/FLEX
107566-130275,WR,Kristian,Kristian Wilkerson,Wilkerson,0,1,4000,LV@DEN,LV,DEN,,,,,,WR/FLEX
107566-170209,WR,Tyreik,Tyreik McAllister,McAllister,1.100000023841858,1,4000,LV@DEN,LV,DEN,Q,Shoulder,,,,WR/FLEX
107566-170214,WR,Dennis,Dennis Houston,Houston,,0,4000,NYG@SEA,NYG,SEA,Q,Undisclosed,,,,WR/FLEX
107566-149742,RB,Nate,Nate McCrary,McCrary,,0,4000,GB@LAR,GB,LAR,Q,Undisclosed,,,,RB/FLEX
107566-202989,WR,Praise,Praise Olatoke,Olatoke,,0,4000,CAR@CHI,CAR,CHI,,,,,,WR/FLEX
107566-110834,WR,Tahj,Tahj Washington,Washington,,0,4000,MIA@NE,MIA,NE,IR,Undisclosed,,,,WR/FLEX
107566-12531,D,Denver,Denver Broncos,Broncos,10.5,4,4000,LV@DEN,DEN,LV,,,,,,DEF
107566-92413,RB,Elijah,Elijah Mitchell,Mitchell,4,13,4000,ARI@SF,SF,ARI,IR,Hamstring,,,,RB/FLEX
107566-61693,TE,Danny,Danny Pinter,Pinter,,0,4000,IND@JAC,IND,JAC,,,,,,TE/FLEX
107566-71935,WR,Kendric,Kendric Pryor,Pryor,,0,4000,BAL@CIN,CIN,BAL,,,,,,WR/FLEX
107566-131328,RB,Zach,Zach Evans,Evans,0.3799999952316284,5,4000,GB@LAR,LAR,GB,,,,,,RB/FLEX
107566-115971,WR,Shaquan,Shaquan Davis,Davis,,0,4000,DAL@PIT,PIT,DAL,,,,,,WR/FLEX
107566-91401,WR,Ronnie,Ronnie Bell,Bell,1.7000000476837158,1,4000,ARI@SF,SF,ARI,,,,,,WR/FLEX
107566-94481,WR,Deven,Deven Thompkins,Thompkins,1.572222179836697,18,4000,CAR@CHI,CAR,CHI,,,,,,WR/FLEX
107566-137488,RB,Rasheen,Rasheen Ali,Ali,,0,4000,BAL@CIN,BAL,CIN,IR,Neck,,,,RB/FLEX
107566-71957,WR,Quintez,Quintez Cephus,Cephus,,0,4000,GB@LAR,LAR,GB,,,,,,WR/FLEX
107566-60705,WR,Tyron,Tyron Billy-Johnson,Billy-Johnson,,0,4000,DAL@PIT,DAL,PIT,,,,,,WR/FLEX
107566-185639,WR,Keilahn,Keilahn Harris,Harris,,0,4000,DAL@PIT,PIT,DAL,Q,Undisclosed,,,,WR/FLEX
107566-91428,WR,Tarik,Tarik Black,Black,,0,4000,DAL@PIT,PIT,DAL,Q,Undisclosed,,,,WR/FLEX
107566-90408,WR,Dax,Dax Milne,Milne,,0,4000,LV@DEN,LV,DEN,,,,,,WR/FLEX
107566-92465,WR,Sean,Sean Ryan,Ryan,,0,4000,BAL@CIN,BAL,CIN,,,,,,WR/FLEX
107566-64827,WR,Miles,Miles Boykin,Boykin,0.6400000095367432,5,4000,NYG@SEA,SEA,NYG,,,,,,WR/FLEX
107566-87367,TE,Jacob,Jacob Warren,Warren,,0,4000,MIA@NE,NE,MIA,,,,,,TE/FLEX
107566-102729,RB,Snoop,Snoop Conner,Conner,,0,4000,DAL@PIT,DAL,PIT,,,,,,RB/FLEX
107566-91467,TE,Jake,Jake Tonges,Tonges,,0,4000,ARI@SF,SF,ARI,,,,,,TE/FLEX
107566-64843,WR,Jalen,Jalen Guyton,Guyton,2.8428570883614674,7,4000,LV@DEN,LV,DEN,,,,,,WR/FLEX
107566-101718,TE,Riley,Riley Sharp,Sharp,,0,4000,BAL@CIN,BAL,CIN,,,,,,TE/FLEX
107566-90456,WR,Ty,Ty Scott,Scott,,0,4000,NYG@SEA,SEA,NYG,,,,,,WR/FLEX
107566-41305,WR,Zay,Zay Jones,Jones,6.1099998474121096,10,4000,ARI@SF,ARI,SF,IR,Suspension,,,,WR/FLEX
107566-94554,TE,Alec,Alec Holler,Holler,,0,4000,DAL@PIT,DAL,PIT,,,,,,TE/FLEX
107566-90458,RB,Troy,Troy Hairston,Hairston,,0,4000,BUF@HOU,HOU,BUF,,,,,,RB/FLEX
107566-63839,TE,Tyler,Tyler Mabry,Mabry,,0,4000,NYG@SEA,SEA,NYG,,,,,,TE/FLEX
107566-91488,RB,Chris,Chris Brooks,Brooks,0.30000001192092896,1,4000,GB@LAR,GB,LAR,,,,,,RB/FLEX
107566-93539,RB,Michael,Michael Carter,Carter,3.11999994913737,15,4000,ARI@SF,ARI,SF,,,,,,RB/FLEX
107566-88421,WR,Daewood,Daewood Davis,Davis,,0,4000,CAR@CHI,CAR,CHI,Q,Thigh,,,,WR/FLEX
107566-153957,TE,Zaire,Zaire Mitchell-Paden,Mitchell-Paden,,0,4000,BAL@CIN,BAL,CIN,,,,,,TE/FLEX
107566-111978,WR,Tayvion,Tayvion Robinson,Robinson,,0,4000,CAR@CHI,CAR,CHI,Q,Undisclosed,,,,WR/FLEX
107566-102762,RB,Kevin,Kevin Harris,Harris,4.949999809265137,4,4000,MIA@NE,NE,MIA,,,,,,RB/FLEX
107566-63851,TE,Tyree,Tyree Jackson,Jackson,,0,4000,NYG@SEA,NYG,SEA,Q,Undisclosed,,,,TE/FLEX
107566-133487,RB,Daijun,Daijun Edwards,Edwards,,0,4000,DAL@PIT,PIT,DAL,,,,,,RB/FLEX
107566-68975,TE,Josh,Josh Pederson,Pederson,,0,4000,IND@JAC,JAC,IND,Q,Ankle,,,,TE/FLEX
107566-90480,TE,Joel,Joel Wilson,Wilson,,0,4000,NYG@SEA,NYG,SEA,,,,,,TE/FLEX
107566-90483,TE,Bernhard,Bernhard Raimann,Raimann,0,2,4000,IND@JAC,IND,JAC,,,,,,TE/FLEX
107566-114039,WR,Peter,Peter LeBlanc,LeBlanc,,0,4000,CAR@CHI,CHI,CAR,,,,,,WR/FLEX
107566-56698,WR,Dante,Dante Pettis,Pettis,,0,4000,CAR@CHI,CHI,CAR,Q,Undisclosed,,,,WR/FLEX
107566-71039,WR,Kelvin,Kelvin Harmon,Harmon,,0,4000,DAL@PIT,DAL,PIT,,,,,,WR/FLEX
107566-110974,WR,Malik,Malik Washington,Washington,1.2999999523162842,1,4000,MIA@NE,MIA,NE,Q,Quadriceps,,,,WR/FLEX
107566-185728,TE,Patrick,Patrick Murtagh,Murtagh,,0,4000,IND@JAC,JAC,IND,IR,Ankle,,,,TE/FLEX
107566-110978,RB,Evan,Evan Hull,Hull,1.2000000476837158,1,4000,IND@JAC,IND,JAC,,,,,,RB/FLEX
107566-90501,WR,Julian,Julian Hicks,Hicks,,0,4000,GB@LAR,GB,LAR,,,,,,WR/FLEX
107566-53639,WR,Isaiah,Isaiah McKenzie,McKenzie,0.853846183189979,13,4000,NYG@SEA,NYG,SEA,Q,Lower body,,,,WR/FLEX
107566-94600,WR,John,John Stephens Jr.,Stephens Jr.,,0,4000,DAL@PIT,DAL,PIT,,,,,,WR/FLEX
107566-90506,RB,Kobe,Kobe Lewis,Lewis,,0,4000,NYG@SEA,SEA,NYG,,,,,,RB/FLEX
107566-191887,WR,Rory,Rory Starkey,Starkey,,0,4000,GB@LAR,GB,LAR,Q,Calf,,,,WR/FLEX
107566-102796,WR,Ricky,Ricky Pearsall,Pearsall,,0,4000,ARI@SF,SF,ARI,IR,Chest,,,,WR/FLEX
107566-88463,WR,Johnny,Johnny Johnson III,Johnson III,,0,4000,BUF@HOU,HOU,BUF,,,,,,WR/FLEX
107566-87442,TE,Princeton,Princeton Fant,Fant,,0,4000,DAL@PIT,DAL,PIT,,,,,,TE/FLEX
107566-73111,WR,Chase,Chase Claypool,Claypool,2.2125000953674316,8,4000,BUF@HOU,BUF,HOU,Q,Toe,,,,WR/FLEX
107566-43416,WR,Trent,Trent Taylor,Taylor,-0.16923077289874738,13,4000,ARI@SF,SF,ARI,,,,,,WR/FLEX
107566-70043,TE,Cole,Cole Fotheringham,Fotheringham,1.100000023841858,1,4000,LV@DEN,LV,DEN,,,,,,TE/FLEX
107566-185753,WR,T.J.,T.J. Luther,Luther,,0,4000,GB@LAR,GB,LAR,,,,,,WR/FLEX
107566-90522,TE,Cameron,Cameron Latu,Latu,,0,4000,CLE@WAS,CLE,WAS,,,,,,TE/FLEX
107566-114079,TE,Hayden,Hayden Rucci,Rucci,,0,4000,MIA@NE,MIA,NE,,,,,,TE/FLEX
107566-80289,WR,Kendrick,Kendrick Bourne,Bourne,10.1875,8,4000,MIA@NE,NE,MIA,NA,Knee - acl,,,,WR/FLEX
107566-73121,RB,Tony,Tony Jones Jr.,Jones Jr.,4.783333460489909,6,4000,ARI@SF,ARI,SF,,,,,,RB/FLEX
107566-93600,WR,Bryce,Bryce Ford-Wheaton,Ford-Wheaton,,0,4000,NYG@SEA,NYG,SEA,,,,,,WR/FLEX
107566-44449,WR,Willie,Willie Snead IV,Snead IV,0.6000000238418579,4,4000,MIA@NE,MIA,NE,Q,Undisclosed,,,,WR/FLEX
107566-60838,WR,Andre,Andre Baccellia,Baccellia,0,2,4000,ARI@SF,ARI,SF,,,,,,WR/FLEX
107566-43433,RB,Boston,Boston Scott,Scott,0.9857142993382045,14,4000,DAL@PIT,PIT,DAL,Q,Undisclosed,,,,RB/FLEX
107566-73130,RB,Chris,Chris Evans,Evans,0.4000000059604645,4,4000,BAL@CIN,CIN,BAL,IR,Leg,,,,RB/FLEX
107566-87469,TE,Jelani,Jelani Woods,Woods,,0,4000,IND@JAC,IND,JAC,IR,Toe,,,,TE/FLEX
107566-103852,RB,Kairee,Kairee Robinson,Robinson,,0,4000,NYG@SEA,SEA,NYG,,,,,,RB/FLEX
107566-102831,TE,Davis,Davis Allen,Allen,0,1,4000,GB@LAR,LAR,GB,,,,,,TE/FLEX
107566-111022,WR,Terique,Terique Owens,Owens,,0,4000,ARI@SF,SF,ARI,,,,,,WR/FLEX
107566-92590,RB,Raheem,Raheem Blackshear,Blackshear,0,4,4000,CAR@CHI,CAR,CHI,,,,,,RB/FLEX
107566-71105,WR,Ben,Ben Skowronek,Skowronek,1.85,10,4000,DAL@PIT,PIT,DAL,IR,Shoulder,,,,WR/FLEX
107566-113096,WR,Xavier,Xavier Smith,Smith,0,2,4000,GB@LAR,LAR,GB,,,,,,WR/FLEX
107566-173518,WR,Qadir,Qadir Ismail,Ismail,,0,4000,BAL@CIN,BAL,CIN,,,,,,WR/FLEX
107566-88525,WR,Kawaan,Kawaan Baker,Baker,,0,4000,MIA@NE,NE,MIA,,,,,,WR/FLEX
107566-69068,RB,Jonathan,Jonathan Ward,Ward,0.36666667461395264,3,4000,DAL@PIT,PIT,DAL,,,,,,RB/FLEX
107566-109008,WR,Jalen,Jalen Cropper,Cropper,,0,4000,DAL@PIT,DAL,PIT,,,,,,WR/FLEX
107566-90583,WR,Tyrell,Tyrell Shavers,Shavers,,0,4000,BUF@HOU,BUF,HOU,,,,,,WR/FLEX
107566-103896,WR,Nsimba,Nsimba Webster,Webster,,0,4000,CAR@CHI,CHI,CAR,IR,Groin,,,,WR/FLEX
107566-54746,TE,Tyler,Tyler Ott,Ott,0,2,4000,CLE@WAS,WAS,CLE,,,,,,TE/FLEX
107566-157150,RB,Audric,Audric Estime,Estime,1.399999976158142,1,4000,LV@DEN,DEN,LV,IR,Ankle,,,,RB/FLEX
107566-103901,WR,Davion,Davion Davis,Davis,,0,4000,CLE@WAS,WAS,CLE,,,,,,WR/FLEX
107566-91612,WR,Matt,Matt Landers,Landers,,0,4000,MIA@NE,NE,MIA,,,,,,WR/FLEX
107566-185827,RB,Jacob,Jacob Saylors,Saylors,,0,4000,CLE@WAS,CLE,WAS,,,,,,RB/FLEX
107566-88547,WR,Jalen,Jalen Wayne,Wayne,,0,4000,GB@LAR,GB,LAR,,,,,,WR/FLEX
107566-102882,WR,Anthony,Anthony Gould,Gould,0,2,4000,IND@JAC,IND,JAC,,,,,,WR/FLEX
107566-112101,WR,Jared,Jared Wayne,Wayne,,0,4000,BUF@HOU,HOU,BUF,Q,Knee - meniscus,,,,WR/FLEX
107566-14820,RB,Nick,Nick Bellore,Bellore,0,2,4000,CLE@WAS,WAS,CLE,,,,,,RB/FLEX
107566-129508,WR,Duece,Duece Watts,Watts,,0,4000,DAL@PIT,PIT,DAL,,,,,,WR/FLEX
107566-40434,WR,Greg,Greg Ward,Ward,,0,4000,IND@JAC,IND,JAC,,,,,,WR/FLEX
107566-72182,WR,Dee,Dee Eskridge,Eskridge,3.5,1,4000,MIA@NE,MIA,NE,,,,,,WR/FLEX
107566-138746,WR,Javon,Javon Baker,Baker,,0,4000,MIA@NE,NE,MIA,,,,,,WR/FLEX
107566-156152,WR,Tejhaun,Tejhaun Palmer,Palmer,,0,4000,ARI@SF,ARI,SF,,,,,,WR/FLEX
107566-128515,RB,Ellis,Ellis Merriweather,Merriweather,,0,4000,GB@LAR,GB,LAR,,,,,,RB/FLEX
107566-185862,WR,David,David Durden,Durden,,0,4000,DAL@PIT,DAL,PIT,Q,Undisclosed,,,,WR/FLEX
107566-114180,WR,David,David Bell,Bell,4.199999809265137,1,4000,CLE@WAS,CLE,WAS,IR,Hip,,,,WR/FLEX
107566-102922,WR,Ramel,Ramel Keyton,Keyton,,0,4000,LV@DEN,LV,DEN,,,,,,WR/FLEX
107566-201230,RB,Dylan,Dylan Laube,Laube,,0,4000,LV@DEN,LV,DEN,,,,,,RB/FLEX
107566-86543,WR,Erik,Erik Ezukanma,Ezukanma,0,1,4000,MIA@NE,MIA,NE,,,,,,WR/FLEX
107566-94737,RB,Jarveon,Jarveon Howard,Howard,,0,4000,GB@LAR,GB,LAR,Q,Undisclosed,,,,RB/FLEX
107566-6672,TE,Marcedes,Marcedes Lewis,Lewis,1.3624999523162842,8,4000,CAR@CHI,CHI,CAR,,,,,,TE/FLEX
107566-201233,WR,Ryan,Ryan Flournoy,Flournoy,,0,4000,DAL@PIT,DAL,PIT,Q,Undisclosed,,,,WR/FLEX
107566-62994,WR,Steven,Steven Sims,Sims,-0.6666666666666666,3,4000,BUF@HOU,HOU,BUF,,,,,,WR/FLEX
107566-160280,WR,Jadon,Jadon Janke,Janke,,0,4000,MIA@NE,MIA,NE,,,,,,WR/FLEX
107566-89627,WR,Brycen,Brycen Tremayne,Tremayne,,0,4000,CLE@WAS,WAS,CLE,,,,,,WR/FLEX
107566-138782,RB,Dillon,Dillon Johnson,Johnson,,0,4000,CAR@CHI,CAR,CHI,,,,,,RB/FLEX
107566-88607,WR,Braylon,Braylon Sanders,Sanders,,0,4000,MIA@NE,MIA,NE,Q,Lower body,,,,WR/FLEX
107566-138786,WR,Malik,Malik Heath,Heath,2.200000047683716,1,4000,GB@LAR,GB,LAR,,,,,,WR/FLEX
107566-160292,WR,Jaxon,Jaxon Janke,Janke,,0,4000,BUF@HOU,HOU,BUF,Q,Undisclosed,,,,WR/FLEX
107566-138788,WR,Tulu,Tulu Griffin,Griffin,,0,4000,CLE@WAS,CLE,WAS,,,,,,WR/FLEX
107566-102957,WR,John,John Jackson III,Jackson III,,0,4000,CAR@CHI,CHI,CAR,,,,,,WR/FLEX
107566-14895,TE,Patrick,Patrick Scales,Scales,0,3,4000,CAR@CHI,CHI,CAR,IR,Back,,,,TE/FLEX
107566-69173,TE,Hunter,Hunter Kampmoyer,Kampmoyer,,0,4000,LV@DEN,DEN,LV,,,,,,TE/FLEX
107566-60981,TE,Charlie,Charlie Heck,Heck,,0,4000,ARI@SF,ARI,SF,,,,,,TE/FLEX
107566-114231,RB,George,George Holani,Holani,,0,4000,NYG@SEA,SEA,NYG,O,Ankle,,,,RB/FLEX
107566-91709,RB,Deshaun,Deshaun Fenwick,Fenwick,,0,4000,MIA@NE,NE,MIA,,,,,,RB/FLEX
107566-173631,RB,Dante,Dante Miller,Miller,,0,4000,NYG@SEA,NYG,SEA,,,,,,RB/FLEX
107566-201283,WR,David,David White Jr.,White Jr.,,0,4000,IND@JAC,JAC,IND,IR,Knee - acl,,,,WR/FLEX
107566-87617,WR,Sage,Sage Surratt,Surratt,,0,4000,ARI@SF,ARI,SF,Q,Ankle,,,,WR/FLEX
107566-201282,WR,Wayne,Wayne Ruby,Ruby,,0,4000,IND@JAC,JAC,IND,Q,Undisclosed,,,,WR/FLEX
107566-201281,RB,Jalen,Jalen Jackson,Jackson,,0,4000,IND@JAC,JAC,IND,,,,,,RB/FLEX
107566-102980,RB,Austin,Austin Jones,Jones,,0,4000,CLE@WAS,WAS,CLE,,,,,,RB/FLEX
107566-201284,WR,Brevin,Brevin Easton,Easton,,0,4000,IND@JAC,JAC,IND,,,,,,WR/FLEX
107566-86601,RB,SaRodorick,SaRodorick Thompson Jr.,Thompson Jr.,,0,4000,GB@LAR,LAR,GB,,,,,,RB/FLEX
107566-71241,WR,Brandon,Brandon Johnson,Johnson,6.3900001525878904,10,4000,DAL@PIT,PIT,DAL,,,,,,WR/FLEX
107566-104008,TE,Stephen,Stephen Carlson,Carlson,0,1,4000,CAR@CHI,CHI,CAR,IR,Collarbone,,,,TE/FLEX
107566-102987,RB,Nathaniel,Nathaniel Peat,Peat,,0,4000,DAL@PIT,DAL,PIT,,,,,,RB/FLEX
107566-114252,WR,Xavier,Xavier Weaver,Weaver,,0,4000,ARI@SF,ARI,SF,,,,,,WR/FLEX
107566-54863,WR,C.J.,C.J. Goodwin,Goodwin,0,1,4000,DAL@PIT,DAL,PIT,,,,,,WR/FLEX
107566-104019,TE,Matt,Matt Orzech,Orzech,0,1,4000,GB@LAR,GB,LAR,,,,,,TE/FLEX
107566-86612,TE,Brayden,Brayden Willis,Willis,0,1,4000,ARI@SF,SF,ARI,,,,,,TE/FLEX
107566-18009,TE,Chris,Chris Manhertz,Manhertz,0,1,4000,NYG@SEA,NYG,SEA,,,,,,TE/FLEX
107566-62042,WR,Deon,Deon Cain,Cain,,0,4000,CAR@CHI,CAR,CHI,,,,,,WR/FLEX
107566-64097,TE,La'Michael,La'Michael Pettway,Pettway,,0,4000,MIA@NE,NE,MIA,,,,,,TE/FLEX
107566-201313,WR,JJ,JJ Laap,Laap,,0,4000,GB@LAR,LAR,GB,,,,,,WR/FLEX
107566-63078,RB,Ke'Shawn,Ke'Shawn Vaughn,Vaughn,0.9000000158945719,6,4000,ARI@SF,SF,ARI,,,,,,RB/FLEX
107566-87657,WR,Seth,Seth Williams,Williams,,0,4000,IND@JAC,JAC,IND,,,,,,WR/FLEX
107566-88685,WR,Austin,Austin Trammell,Trammell,0.20714286395481654,14,4000,IND@JAC,JAC,IND,,,,,,WR/FLEX
107566-103020,WR,Puka,Puka Nacua,Nacua,6.199999809265137,1,4000,GB@LAR,LAR,GB,IR,Knee - pcl,,,,WR/FLEX
107566-139884,TE,Jordan,Jordan Murray,Murray,,0,4000,ARI@SF,ARI,SF,,,,,,TE/FLEX
107566-94831,RB,Deneric,Deneric Prince,Prince,,0,4000,MIA@NE,MIA,NE,,,,,,RB/FLEX
107566-87662,WR,Anthony,Anthony Schwartz,Schwartz,,0,4000,MIA@NE,MIA,NE,IR,Knee,,,,WR/FLEX
107566-56947,TE,Chris,Chris Myarick,Myarick,,0,4000,BUF@HOU,HOU,BUF,,,,,,TE/FLEX
107566-87668,WR,Shedrick,Shedrick Jackson,Jackson,0,2,4000,BAL@CIN,CIN,BAL,,,,,,WR/FLEX
107566-104054,RB,Sincere,Sincere McCormick,McCormick,,0,4000,LV@DEN,LV,DEN,,,,,,RB/FLEX
107566-183931,WR,Ayir,Ayir Asante,Asante,,0,4000,NYG@SEA,NYG,SEA,,,,,,WR/FLEX
107566-38523,TE,Geoff,Geoff Swaim,Swaim,1.5999999576144748,9,4000,CLE@WAS,CLE,WAS,,,,,,TE/FLEX
107566-201342,RB,Chris,Chris Collier,Collier,,0,4000,BAL@CIN,BAL,CIN,,,,,,RB/FLEX
107566-201341,WR,Jelani,Jelani Baker,Baker,,0,4000,BAL@CIN,BAL,CIN,,,,,,WR/FLEX
107566-31360,WR,Odell,Odell Beckham Jr.,Beckham Jr.,5.962500095367432,16,4000,MIA@NE,MIA,NE,NA,Knee,,,,WR/FLEX
107566-93824,WR,Easop,Easop Winston Jr.,Winston Jr.,,0,4000,NYG@SEA,SEA,NYG,,,,,,WR/FLEX
107566-201345,TE,Mike,Mike Rigerman,Rigerman,,0,4000,BAL@CIN,BAL,CIN,,,,,,TE/FLEX
107566-201352,WR,Hayden,Hayden Hatten,Hatten,,0,4000,NYG@SEA,SEA,NYG,IR,Suspension,,,,WR/FLEX
107566-70282,WR,Demetric,Demetric Felton,Felton,,0,4000,IND@JAC,IND,JAC,,,,,,WR/FLEX
107566-26251,WR,Robbie,Robbie Chosen,Chosen,1,1,4000,MIA@NE,MIA,NE,,,,,,WR/FLEX
107566-86671,WR,Drake,Drake Stoops,Stoops,,0,4000,GB@LAR,LAR,GB,,,,,,WR/FLEX
107566-94864,RB,Jashaun,Jashaun Corbin,Corbin,1.399999976158142,2,4000,NYG@SEA,NYG,SEA,Q,Undisclosed,,,,RB/FLEX
107566-87711,TE,John Samuel,John Samuel Shenker,Shenker,,0,4000,LV@DEN,LV,DEN,,,,,,TE/FLEX
107566-65182,TE,Mitchell,Mitchell Wilcox,Wilcox,0.9181818528608843,11,4000,MIA@NE,NE,MIA,,,,,,TE/FLEX
107566-55970,RB,Royce,Royce Freeman,Freeman,5.077777862548828,9,4000,CLE@WAS,CLE,WAS,,,,,,RB/FLEX
107566-93862,RB,Trent,Trent Pennix,Pennix,,0,4000,IND@JAC,IND,JAC,,,,,,RB/FLEX
107566-94888,TE,Messiah,Messiah Swinson,Swinson,,0,4000,GB@LAR,GB,LAR,,,,,,TE/FLEX
107566-93864,RB,Ricky,Ricky Person Jr.,Person Jr.,,0,4000,NYG@SEA,SEA,NYG,Q,Undisclosed,,,,RB/FLEX
107566-85672,WR,Terrace,Terrace Marshall Jr.,Marshall Jr.,2.924999952316284,8,4000,ARI@SF,SF,ARI,,,,,,WR/FLEX
107566-69295,WR,Byron,Byron Pringle,Pringle,1.6230769524207482,13,4000,CLE@WAS,WAS,CLE,,,,,,WR/FLEX
107566-96942,WR,Keelan,Keelan Doss,Doss,3.1500000953674316,2,4000,LV@DEN,LV,DEN,Q,Undisclosed,,,,WR/FLEX
107566-64175,WR,Hakeem,Hakeem Butler,Butler,,0,4000,BAL@CIN,CIN,BAL,,,,,,WR/FLEX
107566-87731,WR,Dominique,Dominique Robinson,Robinson,0,3,4000,CAR@CHI,CHI,CAR,,,,,,WR/FLEX
107566-52916,WR,Russell,Russell Gage,Gage,,0,4000,BAL@CIN,BAL,CIN,,,,,,WR/FLEX
107566-85687,WR,Jontre,Jontre Kirklin,Kirklin,,0,4000,ARI@SF,SF,ARI,,,,,,WR/FLEX
107566-69303,WR,Freddie,Freddie Swain,Swain,,0,4000,CAR@CHI,CHI,CAR,Q,Undisclosed,,,,WR/FLEX
107566-69302,TE,Feleipe,Feleipe Franks,Franks,0,1,4000,CAR@CHI,CAR,CHI,,,,,,TE/FLEX
107566-61112,TE,Josiah,Josiah Deguara,Deguara,1.2999999523162842,1,4000,IND@JAC,JAC,IND,,,,,,TE/FLEX
107566-58041,RB,Mike,Mike Boone,Boone,0.699999988079071,1,4000,CAR@CHI,CAR,CHI,,,,,,RB/FLEX
107566-71367,RB,La'Mical,La'Mical Perine,Perine,6.25,2,4000,DAL@PIT,PIT,DAL,,,,,,RB/FLEX
107566-193226,TE,Mason,Mason Pline,Pline,,0,4000,ARI@SF,SF,ARI,,,,,,TE/FLEX
107566-93898,WR,Devin,Devin Carter,Carter,,0,4000,CAR@CHI,CAR,CHI,Q,Undisclosed,,,,WR/FLEX
107566-160463,TE,Tanner,Tanner McLachlan,McLachlan,,0,4000,BAL@CIN,CIN,BAL,,,,,,TE/FLEX
107566-71372,WR,Tyrie,Tyrie Cleveland,Cleveland,,0,4000,IND@JAC,IND,JAC,,,,,,WR/FLEX
107566-53967,RB,Nick,Nick Bawden,Bawden,2,5,4000,BUF@HOU,HOU,BUF,,,,,,RB/FLEX
107566-63186,WR,James,James Proche II,Proche II,0.26666667064030963,3,4000,CLE@WAS,CLE,WAS,,,,,,WR/FLEX
107566-92882,TE,Connor,Connor Heyward,Heyward,0.699999988079071,1,4000,DAL@PIT,PIT,DAL,,,,,,TE/FLEX
107566-85720,WR,Jaray,Jaray Jenkins,Jenkins,,0,4000,DAL@PIT,PIT,DAL,,,,,,WR/FLEX
107566-92891,RB,Elijah,Elijah Collins,Collins,,0,4000,BAL@CIN,CIN,BAL,,,,,,RB/FLEX
107566-92890,WR,Cody,Cody White,White,,0,4000,NYG@SEA,SEA,NYG,,,,,,WR/FLEX
107566-64221,TE,Zach,Zach Gentry,Gentry,,0,4000,LV@DEN,LV,DEN,,,,,,TE/FLEX
107566-91872,RB,Joshua,Joshua Kelley,Kelley,3.394117691937615,17,4000,NYG@SEA,NYG,SEA,,,,,,RB/FLEX
107566-91875,TE,Michael,Michael Ezeike,Ezeike,,0,4000,NYG@SEA,SEA,NYG,,,,,,TE/FLEX
107566-85731,WR,Racey,Racey McMath,McMath,,0,4000,DAL@PIT,DAL,PIT,,,,,,WR/FLEX
107566-29411,TE,Pharaoh,Pharaoh Brown,Brown,1.100000023841858,2,4000,NYG@SEA,SEA,NYG,Q,Foot,,,,TE/FLEX
107566-56041,RB,Khari,Khari Blasingame,Blasingame,0.47777779897054035,9,4000,CAR@CHI,CHI,CAR,,,,,,RB/FLEX
107566-72427,WR,Kwamie,Kwamie Lassiter II,Lassiter II,0.699999988079071,1,4000,BAL@CIN,CIN,BAL,,,,,,WR/FLEX
107566-86762,TE,Jack,Jack Westover,Westover,,0,4000,MIA@NE,NE,MIA,,,,,,TE/FLEX
107566-70383,RB,Darrynton,Darrynton Evans,Evans,4.416666666666667,6,4000,BUF@HOU,BUF,HOU,IR,Hamstring,,,,RB/FLEX
107566-104176,WR,Deonte,Deonte Harty,Harty,0,4,4000,BAL@CIN,BAL,CIN,,,,,,WR/FLEX
107566-202481,WR,David,David Wallis,Wallis,,0,4000,MIA@NE,NE,MIA,,,,,,WR/FLEX
107566-26355,TE,Logan,Logan Thomas,Thomas,6.206250190734863,16,4000,ARI@SF,SF,ARI,,,,,,TE/FLEX
107566-112373,TE,Dylan,Dylan Leonard,Leonard,,0,4000,LV@DEN,DEN,LV,Q,Hamstring,,,,TE/FLEX
107566-61172,TE,Tyler,Tyler Davis,Davis,,0,4000,GB@LAR,GB,LAR,IR,Shoulder,,,,TE/FLEX
107566-54007,TE,Jacob,Jacob Hollister,Hollister,,0,4000,CAR@CHI,CAR,CHI,,,,,,TE/FLEX
107566-91897,WR,Ethan,Ethan Fernea,Fernea,,0,4000,IND@JAC,IND,JAC,Q,Undisclosed,,,,WR/FLEX
107566-86781,WR,Terrell,Terrell Bynum,Bynum,,0,4000,LV@DEN,LV,DEN,,,,,,WR/FLEX
107566-86780,RB,Salvon,Salvon Ahmed,Ahmed,4.985714503696987,7,4000,LV@DEN,DEN,LV,,,,,,RB/FLEX
107566-85759,TE,Curtis,Curtis Hodges,Hodges,0,1,4000,CAR@CHI,CAR,CHI,Q,Undisclosed,,,,TE/FLEX
107566-47870,TE,Tyler,Tyler Higbee,Higbee,5.3125,16,4000,GB@LAR,LAR,GB,NA,Knee - acl + mcl,,,,TE/FLEX
107566-72453,WR,Denzel,Denzel Mims,Mims,,0,4000,IND@JAC,JAC,IND,,,,,,WR/FLEX
107566-91912,WR,Chase,Chase Cota,Cota,,0,4000,NYG@SEA,NYG,SEA,Q,Collarbone,,,,WR/FLEX
107566-55050,RB,Christian,Christian McCaffrey,McCaffrey,23.01578883120888,19,4000,ARI@SF,SF,ARI,IR,Achilles,,,,RB/FLEX
107566-86800,TE,Colson,Colson Yankoff,Yankoff,,0,4000,CLE@WAS,WAS,CLE,,,,,,TE/FLEX
107566-91923,WR,Kazmeir,Kazmeir Allen,Allen,,0,4000,CLE@WAS,WAS,CLE,,,,,,WR/FLEX
107566-71444,RB,Travis,Travis Homer,Homer,0.800000011920929,2,4000,CAR@CHI,CHI,CAR,IR,Finger,,,,RB/FLEX
107566-71459,RB,Brittain,Brittain Brown,Brown,,0,4000,NYG@SEA,SEA,NYG,,,,,,RB/FLEX
107566-87844,TE,Brady,Brady Russell,Russell,0,2,4000,NYG@SEA,SEA,NYG,Q,Shoulder,,,,TE/FLEX
107566-110380,RB,Keilan,Keilan Robinson,Robinson,,0,4000,IND@JAC,JAC,IND,IR,Toe,,,,RB/FLEX
107566-55088,WR,Malik,Malik Turner,Turner,,0,4000,ARI@SF,SF,ARI,Q,Undisclosed,,,,WR/FLEX
107566-202544,WR,Derek,Derek Slywka,Slywka,,0,4000,IND@JAC,IND,JAC,,,,,,WR/FLEX
107566-201526,RB,Ian,Ian Wheeler,Wheeler,,0,4000,CAR@CHI,CHI,CAR,IR,Knee,,,,RB/FLEX
107566-103225,RB,Aidan,Aidan Robbins,Robbins,,0,4000,CLE@WAS,CLE,WAS,,,,,,RB/FLEX
107566-89912,RB,Blake,Blake Watson,Watson,,0,4000,LV@DEN,DEN,LV,,,,,,RB/FLEX
107566-158520,WR,Daylen,Daylen Baldwin,Baldwin,,0,4000,ARI@SF,ARI,SF,,,,,,WR/FLEX
107566-92990,RB,Hassan,Hassan Hall,Hall,,0,4000,ARI@SF,ARI,SF,,,,,,RB/FLEX
107566-72515,TE,Ian,Ian Thomas,Thomas,1.1571429116385323,7,4000,CAR@CHI,CAR,CHI,IR,Calf,,,,TE/FLEX
107566-201547,WR,Jalen,Jalen Coker,Coker,0,1,4000,CAR@CHI,CAR,CHI,Q,Foot,,,,WR/FLEX
107566-87882,WR,Daniel,Daniel Arias,Arias,,0,4000,ARI@SF,ARI,SF,,,,,,WR/FLEX
107566-201551,RB,Jaden,Jaden Shirden,Shirden,,0,4000,CAR@CHI,CAR,CHI,,,,,,RB/FLEX
107566-58189,TE,Mitchell,Mitchell Fraboni,Fraboni,0,1,4000,LV@DEN,DEN,LV,,,,,,TE/FLEX
107566-73551,WR,Stantley,Stantley Thomas-Oliver III,Thomas-Oliver III,,0,4000,NYG@SEA,NYG,SEA,,,,,,WR/FLEX
107566-56142,WR,Juwann,Juwann Winfree,Winfree,0,3,4000,IND@JAC,IND,JAC,IR,Undisclosed,,,,WR/FLEX
107566-41806,WR,Laquon,Laquon Treadwell,Treadwell,2.0999999046325684,1,4000,IND@JAC,IND,JAC,,,,,,WR/FLEX
107566-201553,WR,John,John Jiles,Jiles,,0,4000,MIA@NE,NE,MIA,,,,,,WR/FLEX
107566-87890,WR,Dimitri,Dimitri Stanley,Stanley,,0,4000,GB@LAR,GB,LAR,,,,,,WR/FLEX
107566-104278,TE,Donald,Donald Parham Jr.,Parham Jr.,5.5,12,4000,LV@DEN,DEN,LV,,,,,,TE/FLEX
107566-93019,RB,Jack,Jack Colletto,Colletto,,0,4000,DAL@PIT,PIT,DAL,,,,,,RB/FLEX
107566-64350,WR,Jeff,Jeff Smith,Smith,,0,4000,ARI@SF,ARI,SF,Q,Undisclosed,,,,WR/FLEX
107566-201564,TE,Cam,Cam Grandy,Grandy,,0,4000,BAL@CIN,CIN,BAL,,,,,,TE/FLEX
107566-114530,WR,Jacob,Jacob Cowing,Cowing,0,4,4000,ARI@SF,SF,ARI,Q,Shoulder,,,,WR/FLEX
107566-93026,TE,Teagan,Teagan Quitoriano,Quitoriano,1.433333396911621,3,4000,CAR@CHI,CHI,CAR,,,,,,TE/FLEX
107566-192358,TE,Shawn,Shawn Bowman,Bowman,,0,4000,IND@JAC,JAC,IND,,,,,,TE/FLEX
107566-192359,WR,JaQuae,JaQuae Jackson,Jackson,,0,4000,MIA@NE,NE,MIA,IR,Knee,,,,WR/FLEX
107566-169834,WR,Dareke,Dareke Young,Young,0,1,4000,NYG@SEA,SEA,NYG,,,,,,WR/FLEX
107566-156527,WR,Devontez,Devontez Walker,Walker,,0,4000,BAL@CIN,BAL,CIN,,,,,,WR/FLEX
107566-104304,WR,Corey,Corey Crooms Jr.,Crooms Jr.,,0,4000,DAL@PIT,DAL,PIT,Q,Undisclosed,,,,WR/FLEX
107566-119672,RB,Kendall,Kendall Milton,Milton,,0,4000,BAL@CIN,CIN,BAL,,,,,,RB/FLEX
107566-103291,WR,Ahmarean,Ahmarean Brown,Brown,,0,4000,BUF@HOU,BUF,HOU,,,,,,WR/FLEX
107566-112506,WR,Lincoln,Lincoln Victor,Victor,,0,4000,LV@DEN,DEN,LV,,,,,,WR/FLEX
107566-114557,WR,Cornelius,Cornelius Johnson,Johnson,,0,4000,GB@LAR,GB,LAR,,,,,,WR/FLEX
107566-54140,RB,Dalvin,Dalvin Cook,Cook,2.3333333333333335,15,4000,DAL@PIT,DAL,PIT,Q,Illness,,,,RB/FLEX
107566-93055,WR,Isaiah,Isaiah Hodgins,Hodgins,3.5357142857142856,14,4000,NYG@SEA,NYG,SEA,,,,,,WR/FLEX
107566-134023,RB,Keaton,Keaton Mitchell,Mitchell,8.175000190734863,8,4000,BAL@CIN,BAL,CIN,NA,Knee - acl,,,,RB/FLEX
107566-89997,WR,Michael,Michael Woods II,Woods II,,0,4000,CLE@WAS,CLE,WAS,,,,,,WR/FLEX
107566-103308,RB,Jawhar,Jawhar Jordan,Jordan,,0,4000,BUF@HOU,HOU,BUF,Q,Undisclosed,,,,RB/FLEX
107566-69516,TE,Miller,Miller Forristall,Forristall,,0,4000,GB@LAR,LAR,GB,,,,,,TE/FLEX
107566-94094,TE,Brevin,Brevin Jordan,Jordan,0.8500000238418579,2,4000,BUF@HOU,HOU,BUF,IR,Knee - acl,,,,TE/FLEX
107566-119697,RB,MarShawn,MarShawn Lloyd,Lloyd,2.299999952316284,1,4000,GB@LAR,GB,LAR,IR,Ankle,,,,RB/FLEX
107566-128912,WR,Mitchell,Mitchell Tinsley,Tinsley,0,1,4000,CLE@WAS,WAS,CLE,,,,,,WR/FLEX
107566-56212,TE,Tommy,Tommy Sweeney,Sweeney,0,1,4000,CAR@CHI,CHI,CAR,,,,,,TE/FLEX
107566-64405,WR,Dan,Dan Chisena,Chisena,,0,4000,ARI@SF,ARI,SF,,,,,,WR/FLEX
107566-92056,TE,Cal,Cal Adomitis,Adomitis,0,2,4000,BAL@CIN,CIN,BAL,,,,,,TE/FLEX
107566-104357,WR,Jeff,Jeff Foreman,Foreman,,0,4000,LV@DEN,LV,DEN,IR,Knee,,,,WR/FLEX
107566-94116,TE,Will,Will Mallory,Mallory,2.4750000635782876,12,4000,IND@JAC,IND,JAC,,,,,,TE/FLEX
107566-94118,WR,Mike,Mike Harley Jr.,Harley Jr.,,0,4000,MIA@NE,MIA,NE,,,,,,WR/FLEX
107566-94121,RB,Lorenzo,Lorenzo Lingard,Lingard,,0,4000,NYG@SEA,NYG,SEA,,,,,,RB/FLEX
107566-45997,WR,Keith,Keith Kirkwood,Kirkwood,1.524999976158142,8,4000,BAL@CIN,BAL,CIN,,,,,,WR/FLEX
107566-93107,RB,AJ,AJ Dillon,Dillon,7.106666564941406,15,4000,GB@LAR,GB,LAR,IR,Neck,,,,RB/FLEX
107566-72627,RB,Patrick,Patrick Taylor Jr.,Taylor Jr.,2.281818216497248,11,4000,ARI@SF,SF,ARI,,,,,,RB/FLEX
107566-85944,WR,Kyric,Kyric McGowan,McGowan,,0,4000,MIA@NE,MIA,NE,,,,,,WR/FLEX
107566-138169,TE,Jaheim,Jaheim Bell,Bell,,0,4000,MIA@NE,NE,MIA,,,,,,TE/FLEX
107566-63419,WR,Andy,Andy Isabella,Isabella,0,2,4000,BUF@HOU,BUF,HOU,,,,,,WR/FLEX
107566-92093,WR,Jaelon,Jaelon Darden,Darden,0,1,4000,CLE@WAS,CLE,WAS,,,,,,WR/FLEX
107566-89026,RB,TaMerik,TaMerik Williams,Williams,,0,4000,NYG@SEA,SEA,NYG,,,,,,RB/FLEX
107566-65477,TE,Giovanni,Giovanni Ricci,Ricci,0.3499999940395355,2,4000,CLE@WAS,CLE,WAS,Q,Knee,,,,TE/FLEX
107566-95180,WR,Sam,Sam Wiglusz,Wiglusz,,0,4000,GB@LAR,LAR,GB,,,,,,WR/FLEX
107566-41936,WR,Anthony,Anthony Miller,Miller,,0,4000,BAL@CIN,BAL,CIN,,,,,,WR/FLEX
107566-95184,WR,Xavier,Xavier Johnson,Johnson,,0,4000,BUF@HOU,HOU,BUF,,,,,,WR/FLEX
107566-73687,WR,Quez,Quez Watkins,Watkins,5.066666603088379,6,4000,DAL@PIT,PIT,DAL,,,,,,WR/FLEX
107566-30678,WR,Damiere,Damiere Byrd,Byrd,0,1,4000,BUF@HOU,BUF,HOU,,,,,,WR/FLEX
107566-91098,WR,Lawrence,Lawrence Keys III,Keys III,,0,4000,BUF@HOU,BUF,HOU,Q,Leg,,,,WR/FLEX
107566-89050,WR,Cam,Cam Johnson,Johnson,,0,4000,DAL@PIT,DAL,PIT,,,,,,WR/FLEX
107566-112604,WR,Xavier,Xavier White,White,,0,4000,IND@JAC,IND,JAC,,,,,,WR/FLEX
107566-103390,WR,Tre,Tre Mosley,Mosley,,0,4000,BAL@CIN,CIN,BAL,,,,,,WR/FLEX
107566-54239,TE,Matt,Matt Sokol,Sokol,,0,4000,DAL@PIT,PIT,DAL,,,,,,TE/FLEX
107566-104421,TE,Jesper,Jesper Horsted,Horsted,0.29999999205271405,3,4000,CAR@CHI,CAR,CHI,,,,,,TE/FLEX
107566-85994,TE,Dalton,Dalton Keene,Keene,,0,4000,BUF@HOU,HOU,BUF,IR,Knee - acl,,,,TE/FLEX
107566-63479,RB,John,John Kelly Jr.,Kelly Jr.,0,1,4000,BAL@CIN,BAL,CIN,,,,,,RB/FLEX
107566-12530,D,Dallas,Dallas Cowboys,Cowboys,5.25,4,3900,DAL@PIT,DAL,PIT,,,,,,DEF
107566-12554,D,Jacksonville,Jacksonville Jaguars,Jaguars,2.25,4,3900,IND@JAC,JAC,IND,,,,,,DEF
107566-12529,D,Cleveland,Cleveland Browns,Browns,7.5,4,3800,CLE@WAS,CLE,WAS,,,,,,DEF
107566-12535,D,Indianapolis,Indianapolis Colts,Colts,6.75,4,3700,IND@JAC,IND,JAC,,,,,,DEF
107566-12556,D,Houston,Houston Texans,Texans,6,4,3600,BUF@HOU,HOU,BUF,,,,,,DEF
107566-12552,D,Washington,Washington Commanders,Commanders,2.25,4,3500,CLE@WAS,WAS,CLE,,,,,,DEF
107566-12538,D,Los Angeles,Los Angeles Rams,Rams,2.25,4,3400,GB@LAR,LAR,GB,,,,,,DEF
107566-12546,D,Arizona,Arizona Cardinals,Cardinals,5.75,4,3300,ARI@SF,ARI,SF,,,,,,DEF
107566-12528,D,Cincinnati,Cincinnati Bengals,Bengals,2.75,4,3200,BAL@CIN,CIN,BAL,,,,,,DEF
107566-12553,D,Carolina,Carolina Panthers,Panthers,2.5,4,3100,CAR@CHI,CAR,CHI,,,,,,DEF
107566-12543,D,New York,New York Giants,Giants,6.25,4,3000,NYG@SEA,NYG,SEA,,,,,,DEF